Workbook

Sheet Consumables Classification
A1: Row in Sheet1 | B1: Box | C1: Box category | D1: Sub-category | E1: Item | F1: Qty | G1: Classification | H1: Basis | I1: Owner | J1: Procure from | K1: PR raised | L1: PR number | M1: Procurement status | N1: Mobile / Stationary
A2: 1 | B2: 10 | C2: Power & Switching | D2: 10-A Fuses | E2: Fuse - ANM 250 A / 70 V (ANM70V-250A) - robot main | F2: 3 | G2: Consumable | H2: Fuse - single-use protection element | I2: Badri | J2: India | K2: No | M2: In stock | N2: Mobile (travels with robot)
A3: 2 | B3: 10 | C3: Power & Switching | D3: 10-A Fuses | E3: Fuse - ATN 20 A - travel motor, UR Controller, Planner Actuation, Planner Logic Buck | F3: 10.0 | G3: Consumable | H3: Fuse - single-use protection element | I3: Badri | J3: India | K3: No | M3: In stock | N3: Mobile (travels with robot)
A4: 3 | B4: 10 | C4: Power & Switching | D4: 10-A Fuses | E4: Fuse - ATN 10 A - steering motor | F4: 6 | G4: Consumable | H4: Fuse - single-use protection element | I4: Badri | J4: India | K4: No | M4: In stock | N4: Mobile (travels with robot)
A5: 4 | B5: 10 | C5: Power & Switching | D5: 10-A Fuses | E5: Fuse - ATM 40 A - lift kit | F5: 2 | G5: Consumable | H5: Fuse - single-use protection element | I5: Badri | J5: India | K5: No | M5: In stock | N5: Mobile (travels with robot)
A6: 5 | B6: 10 | C6: Power & Switching | D6: 10-A Fuses | E6: Fuse - ATN 15 A - control logic buck | F6: 2 | G6: Consumable | H6: Fuse - single-use protection element | I6: Badri | J6: India | K6: No | M6: In stock | N6: NY Stationary (stays in NY inventory)
A7: 6 | B7: 10 | C7: Power & Switching | D7: 10-A Fuses | E7: Fuse - ANM 125 A / 70 V (ANM70V-125A) - OST main | F7: 2 | G7: Consumable | H7: Fuse - single-use protection element | I7: Badri | J7: India | K7: No | M7: In stock | N7: Mobile (travels with robot)
A8: 7 | B8: 10 | C8: Power & Switching | D8: 10-A Fuses | E8: Fuse - Blade Mini 5 A - OST logic, TS sander actuation SMPS, TS sprayer actuation SMPS | F8: 5.0 | G8: Consumable | H8: Fuse - single-use protection element | I8: Badri | J8: India | K8: No | M8: In stock | N8: Mobile (travels with robot)
A9: 8 | B9: 10 | C9: Power & Switching | D9: 10-B Circuit Protection & IMD | E9: SPD - Surge Protection Device, VAL-SEC-T2-2+0-48DC-FM | F9: 1 | G9: Not consumable | H9: Durable equipment / spare component | I9: Badri | J9: India | K9: Yes | L9: PR-2026-1679 | M9: IQC Stage | N9: NY Stationary (stays in NY inventory)
A10: 9 | B10: 10 | C10: Power & Switching | D10: 10-B Circuit Protection & IMD | E10: IMD - AC Insulation Monitoring, ABB CM-IWS.1 | F10: 1 | G10: Not consumable | H10: Durable equipment / spare component | I10: Badri | J10: India | K10: Yes | L10: PR-2026-1680 | M10: IQC Stage | N10: Mobile (travels with robot)
A11: 10 | B11: 10 | C11: Power & Switching | D11: 10-C Contactors & SSRs | E11: SSR - SSR-50DD - planner logic | F11: 1 | G11: Not consumable | H11: Durable equipment / spare component | I11: Badri | J11: India | K11: No | M11: In stock | N11: Mobile (travels with robot)
A12: 11 | B12: 10 | C12: Power & Switching | D12: 10-C Contactors & SSRs | E12: SSR - SSR-10DD - OST safety | F12: 1 | G12: Not consumable | H12: Durable equipment / spare component | I12: Badri | J12: India | K12: No | M12: In stock | N12: NY Stationary (stays in NY inventory)
A13: 12 | B13: 10 | C13: Power & Switching | D13: 10-D Power Supplies & Converters | E13: Inverter - NTN-5K-248 CAN | F13: 1 | G13: Not consumable | H13: Durable equipment / spare component | I13: Badri | J13: India | K13: Yes | L13: PR-2026-1681 | M13: IQC Stage | N13: NY Stationary (stays in NY inventory)
A14: 13 | B14: 10 | C14: Power & Switching | D14: 10-D Power Supplies & Converters | E14: Buck Converter - DDR-240C-24 - control logic | F14: 1 | G14: Not consumable | H14: Durable equipment / spare component | I14: Badri | J14: India | K14: No | L14: PR-2026-1632 | M14: PR Raised | N14: Mobile (travels with robot)
A15: 14 | B15: 10 | C15: Power & Switching | D15: 10-D Power Supplies & Converters | E15: Buck Converter - DDR-480C-12 - planner logic | F15: 1 | G15: Not consumable | H15: Durable equipment / spare component | I15: Badri | J15: India | K15: No | M15: IQC Stage | N15: NY Stationary (stays in NY inventory)
A16: 15 | B16: 10 | C16: Power & Switching | D16: 10-D Power Supplies & Converters | E16: Trigger Board - USB Type-C PD HHM | F16: 2.0 | G16: Not consumable | H16: Durable equipment / spare component | I16: Uttez | J16: India | K16: No | L16: PR-2026-1501 | M16: In stock | N16: Mobile (travels with robot)
A17: 16 | B17: 10 | C17: Power & Switching | D17: 10-D Power Supplies & Converters | E17: Buck Converter - 5 V 3 A, AP66300 - PWM generation | F17: 1.0 | G17: Not consumable | H17: Durable equipment / spare component | I17: Uttez | J17: India | K17: No | M17: In stock | N17: Mobile (travels with robot)
A18: 17 | B18: 10 | C18: Power & Switching | D18: 10-D Power Supplies & Converters | E18: SMPS - 24 V, EDR-120-24 - TS sander actuators, TS sprayer actuators | F18: 1.0 | G18: Not consumable | H18: Durable equipment / spare component | I18: Uttez | J18: India | K18: Yes | L18: PR-2026-1626 | M18: In stock | N18: Mobile (travels with robot)
A19: 18 | B19: 10 | C19: Power & Switching | D19: 10-D Power Supplies & Converters | E19: SMPS-24V (110V AC input) | F19: 1.0 | G19: Not consumable | H19: Durable equipment / spare component | I19: Badri | J19: India | K19: No | M19: PR Raised
A20: 19 | B20: 10 | C20: Power & Switching | D20: 10-F Battery Chargers | E20: Power Bank - 25000 mAh 100 W, Stuffcool Giga Max - HHM | F20: 2.0 | G20: Not consumable | H20: Durable equipment / spare component | I20: Uttez | J20: India | K20: No | M20: Hold | N20: Mobile (travels with robot)
A21: 20 | B21: 10 | C21: Power & Switching | D21: 10-G E-Stops & Push Buttons | E21: E-Stop - Head, XB5AS8445 MoMa, OST | F21: 2.0 | G21: Not consumable | H21: Durable equipment / spare component | I21: Badri | J21: India | K21: No | L21: PR-2026-1613 | M21: PR Raised | N21: Mobile (travels with robot)
A22: 21 | B22: 10 | C22: Power & Switching | D22: 10-G E-Stops & Push Buttons | E22: E-Stop - NC Contact Block, ZBE-102N MoMa, OST | F22: 4.0 | G22: Not consumable | H22: Durable equipment / spare component | I22: Badri | J22: India | K22: Yes | L22: PR-2026-1682 | M22: In stock | N22: Mobile (travels with robot)
A23: 22 | B23: 10 | C23: Power & Switching | D23: 10-G E-Stops & Push Buttons | E23: Push Button - Red, XB5AA45 - TS sander sprayer | F23: 2 | G23: Not consumable | H23: Durable equipment / spare component | I23: Uttez | J23: India | K23: Yes | L23: PR-2026-1620 | M23: In stock | N23: Mobile (travels with robot)
A24: 23 | B24: 10 | C24: Power & Switching | D24: 10-G E-Stops & Push Buttons | E24: Push Button - Blue, XB5AA61 - TS sander sprayer | F24: 2.0 | G24: Not consumable | H24: Durable equipment / spare component | I24: Uttez | J24: India | K24: No | L24: PR-2026-1621 | M24: PR Raised | N24: Mobile (travels with robot)
A25: 24 | B25: 10 | C25: Power & Switching | D25: 10-G E-Stops & Push Buttons | E25: Push Button - Green, XB5AA31 - TS sander sprayer | F25: 2 | G25: Not consumable | H25: Durable equipment / spare component | I25: Uttez | J25: India | K25: Yes | L25: PR-2026-1622 | M25: In stock | N25: Mobile (travels with robot)
A26: 25 | B26: 10 | C26: Power & Switching | D26: 10-G E-Stops & Push Buttons | E26: Push Button - Yellow, XB5AA51 - TS sander sprayer | F26: 2 | G26: Not consumable | H26: Durable equipment / spare component | I26: Uttez | J26: India | K26: Yes | L26: PR-2026-1621 | M26: In stock | N26: Mobile (travels with robot)
A27: 26 | B27: 10 | C27: Power & Switching | D27: 10-H Switches | E27: Switch - Toggle, XB5AD21 - EM latch trigger | F27: 1 | G27: Not consumable | H27: Durable equipment / spare component | I27: Badri | J27: India | K27: No | M27: IQC Stage | N27: Mobile (travels with robot)
A28: 27 | B28: 10 | C28: Power & Switching | D28: 10-H Switches | E28: Switch - Power On, LAK39C-11T | F28: 1 | G28: Not consumable | H28: Durable equipment / spare component | I28: Badri | J28: India | K28: No | L28: PR-2026-1697 | M28: PR Raised | N28: Mobile (travels with robot)
A29: 28 | B29: 10 | C29: Power & Switching | D29: 10-H Switches | E29: Switch - Power with Integrated LED, LB12E-P10Z - HHM | F29: 1.0 | G29: Not consumable | H29: Durable equipment / spare component | I29: Uttez | J29: India | K29: No | M29: In stock | N29: Mobile (travels with robot)
A30: 29 | B30: 10 | C30: Power & Switching | D30: 10-I Indication Lights & LEDs | E30: Indication Light - 48 V DC, 3EPLBR348DC | F30: 1 | G30: Not consumable | H30: Durable equipment / spare component | I30: Badri | J30: India | K30: No | M30: IQC Stage | N30: NY Stationary (stays in NY inventory)
A31: 30 | B31: 10 | C31: Power & Switching | D31: 10-I Indication Lights & LEDs | E31: Indication Light - 24 V DC, 3EPLBR3L24DC Green MoMa, OST, TS Sander, TS Sprayer | F31: 5.0 | G31: Not consumable | H31: Durable equipment / spare component | I31: Badri | J31: India | K31: No | M31: In stock | N31: NY Stationary (stays in NY inventory)
A32: 31 | B32: 10 | C32: Power & Switching | D32: 10-I Indication Lights & LEDs | E32: Indication Light - 240 V AC, 3EPLBR5L240AC | F32: 1 | G32: Not consumable | H32: Durable equipment / spare component | I32: Badri | J32: India | K32: No | M32: IQC Stage | N32: NY Stationary (stays in NY inventory)
A33: 32 | B33: 10 | C33: Power & Switching | D33: 10-I Indication Lights & LEDs | E33: LED - Perception Light, CMB2550-57E-0A-N0B-00001 | F33: 7 | G33: Not consumable | H33: Durable equipment / spare component | I33: Badri | J33: India | K33: No | L33: PR-2026-1633 | M33: PR Raised | N33: Mobile (travels with robot)
A34: 33 | B34: 10 | C34: Power & Switching | D34: 10-I Indication Lights & LEDs | E34: Tower Light - 12 V, Q1-A | F34: 1 | G34: Not consumable | H34: Durable equipment / spare component | I34: Badri | J34: India | K34: Yes | L34: PR-2026-1698 | M34: PR Raised | N34: NY Stationary (stays in NY inventory)
A35: 34 | B35: 10 | C35: Power & Switching | D35: 10-I Indication Lights & LEDs | E35: Enclosure - Sander Latch Indication LED (3D printed) | F35: 1 | G35: Not consumable | H35: Durable equipment / spare component | I35: SANKALP | J35: India | K35: No | M35: To be Printed
A36: 35 | B36: 10 | C36: Power & Switching | D36: 10-I Indication Lights & LEDs | E36: LED - CREE XHP70D-00-0000-0D0BP450E - EOA LED Lights with PCBS | F36: 10.0 | G36: Not consumable | H36: Durable equipment / spare component | I36: Uttez | J36: India | K36: Yes | L36: PR-2026-1390 | M36: Payment Done | N36: Mobile (travels with robot)
A37: 36 | B37: 10 | C37: Power & Switching | D37: 10-I Indication Lights & LEDs | E37: LED - CREE XHP70D-00-0000-0D0BP450E EOA Light Set for Sander Vision | F37: 2.0 | G37: Not consumable | H37: Durable equipment / spare component | I37: Uttez | J37: India | K37: No | M37: To be Prepared | N37: Mobile (travels with robot)
A38: 37 | B38: 10 | C38: Power & Switching | D38: 10-I Indication Lights & LEDs | E38: LED - CREE XHP70D-00-0000-0D0BP450E EOA Light Set for Sprayer Vision | F38: 2.0 | G38: Not consumable | H38: Durable equipment / spare component | I38: Uttez | J38: India | K38: No | M38: In stock
A39: 38 | B39: 10 | C39: Power & Switching | D39: 10-I Indication Lights & LEDs | E39: Indicator LED - Red, 3PLBR4L-024 - TS comms / latch, sander & sprayer | F39: 4.0 | G39: Not consumable | H39: Durable equipment / spare component | I39: Uttez | J39: India | K39: Yes | L39: PR-2026-1618 | M39: In stock | N39: Mobile (travels with robot)
A40: 39 | B40: 10 | C40: Power & Switching | D40: 10-J Fans & Cooling | E40: Fan - Sunon 80 x 25 mm, 24 V DC - MoMa, OST, TS Sander | F40: 5.0 | G40: Not consumable | H40: Durable equipment / spare component | I40: Badri | J40: India | K40: No | L40: PR-2026-1659 | M40: PR Raised | N40: Mobile (travels with robot)
A41: 40 | B41: 10 | C41: Power & Switching | D41: 10-J Fans & Cooling | E41: Fan - Sunon 80 x 25 mm, 12 V DC - cooling | F41: 2 | G41: Not consumable | H41: Durable equipment / spare component | I41: Badri | J41: India | K41: No | M41: IQC Stage | N41: Mobile (travels with robot)
A42: 41 | B42: 10 | C42: Power & Switching | D42: 10-J Fans & Cooling | E42: Fan - 35 x 35 X 10 mm, 12 V DC, MF35101V1 - cooling | F42: 3.0 | G42: Not consumable | H42: Durable equipment / spare component | I42: Badri | J42: India | K42: No | L42: PR-2026-1659 | M42: PR Raised | N42: Mobile (travels with robot)
A43: 42 | B43: 10 | C43: Power & Switching | D43: 10-J Fans & Cooling | E43: Fan - Cooling - HHM 30x30 12V | F43: 2 | G43: Not consumable | H43: Durable equipment / spare component | I43: Uttez | J43: India | K43: No | M43: In stock | N43: Mobile (travels with robot)
A44: 43 | B44: 11 | C44: Sensors | D44: 11-A Lidars | E44: Lidar - 2D, SL450 | F44: 2 | G44: Not consumable | H44: Durable equipment / spare component | I44: Badri | J44: India | K44: No | M44: IQC Stage | N44: NY Stationary (stays in NY inventory)
A45: 44 | B45: 11 | C45: Sensors | D45: 11-A Lidars | E45: Lidar - Solid State, YDLidar GS2 | F45: 2.0 | G45: Not consumable | H45: Durable equipment / spare component | I45: Badri | J45: India | K45: No | M45: PR Raised | N45: NY Stationary (stays in NY inventory)
A46: 45 | B46: 11 | C46: Sensors | D46: 11-A Lidars | E46: Lidar - Solid State Driver Board, YDLidar GS2 | F46: 1.0 | G46: Not consumable | H46: Durable equipment / spare component | I46: Badri | J46: India | K46: No | M46: IQC Stage | N46: NY Stationary (stays in NY inventory)
A47: 46 | B47: 11 | C47: Sensors | D47: 11-A Lidars | E47: Lidar - 3D, Airy96 | F47: 2.0 | G47: Not consumable | H47: Durable equipment / spare component | I47: Badri | J47: India | K47: Yes | L47: PR-2026-1683 | M47: PR Raised | N47: Mobile (travels with robot)
A48: 47 | B48: 11 | C48: Sensors | D48: 11-B Lidar & Camera Mounts | E48: Mount - 2D Lidar (metal, bend + weld) | F48: 2 | G48: Not consumable | H48: Durable equipment / spare component | I48: Kaustubh | J48: India | K48: No | L48: PR-2026-1638 | M48: PR Raised | N48: Mobile (travels with robot)
A49: 48 | B49: 11 | C49: Sensors | D49: 11-B Lidar & Camera Mounts | E49: Mount - Solid State Lidar (3D printed + metal) | F49: 2 | G49: Not consumable | H49: Durable equipment / spare component | I49: Kaustubh | J49: India | K49: No | L49: PR-2026-1638 | M49: PR Raised | N49: Mobile (travels with robot)
A50: 49 | B50: 13 | C50: Diagnostic & repair tools | D50: 13-K Crimping Tools | E50: Crimping Tool - Anderson | F50: 1 | G50: Not consumable | H50: Durable equipment / spare component | I50: Badri | J50: India | K50: No | M50: PR Raised
A51: 50 | B51: 11 | C51: Sensors | D51: 11-B Lidar & Camera Mounts | E51: Mount - Side Camera (3D printed) | F51: 2 | G51: Not consumable | H51: Durable equipment / spare component | I51: Kaustubh | J51: India | K51: No | M51: To be Printed | N51: NY Stationary (stays in NY inventory)
A52: 51 | B52: 11 | C52: Sensors | D52: 11-C Cameras & Lenses | E52: Camera - STURDeCAM25 - perception | F52: 2 | G52: Not consumable | H52: Durable equipment / spare component | I52: Badri | J52: India | K52: Yes | L52: PR-2026-1685 | M52: PR Raised | N52: Mobile (travels with robot)
A53: 52 | B53: 11 | C53: Sensors | D53: 11-C Cameras & Lenses | E53: Camera - Arducam MIPI-CSI2 B0579 - HHM | F53: 1.0 | G53: Not consumable | H53: Durable equipment / spare component | I53: Uttez | J53: India | K53: No | M53: IQC Stage | N53: Mobile (travels with robot)
A54: 53 | B54: 11 | C54: Sensors | D54: 11-C Cameras & Lenses | E54: Lens - Arducam M23325H12 - HHM | F54: 1.0 | G54: Not consumable | H54: Durable equipment / spare component | I54: Uttez | J54: India | K54: Yes | L54: PR-2026-1686 | M54: IQC Stage | N54: Mobile (travels with robot)
A55: 54 | B55: 11 | C55: Sensors | D55: 11-C Cameras & Lenses | E55: Assembly - EOA Sander Vision (custom, assembled) | F55: 1 | G55: Not consumable | H55: Durable equipment / spare component | I55: SANKALP | J55: India | K55: Yes | L55: PR-2026-1530 | M55: In stock
A56: 55 | B56: 11 | C56: Sensors | D56: 11-C Cameras & Lenses | E56: Camera - Orbbec Gemini 335LE, G40055-570 - EOA sprayer vision | F56: 1 | G56: Not consumable | H56: Durable equipment / spare component | I56: Uttez | J56: India | K56: Yes | L56: PR-2026-1539 | M56: In stock | N56: Mobile (travels with robot)
A57: 56 | B57: 11 | C57: Sensors | D57: 11-C Cameras & Lenses | E57: Camera - Lucid TRI124S-MC Monochrome - EOA sander vision + lens | F57: 1 | G57: Not consumable | H57: Durable equipment / spare component | I57: Uttez | J57: Buy in US | K57: No | M57: PR Raised | N57: Mobile (travels with robot)
A58: 57 | B58: 11 | C58: Sensors | D58: 11-D IMU & Encoders | E58: PCB - IMU with BNO085, V1.0 | F58: 1 | G58: Not consumable | H58: Durable equipment / spare component | I58: Badri | J58: India | K58: No | M58: IQC Stage | N58: Mobile (travels with robot)
A59: 58 | B59: 11 | C59: Sensors | D59: 11-E Load Cells & Current Sensors | E59: Load Cell - CZL601AC - TS sander, TS Sprayer | F59: 2.0 | G59: Not consumable | H59: Durable equipment / spare component | I59: Uttez | J59: India | K59: No | M59: IQC Stage | N59: Mobile (travels with robot)
A60: 59 | B60: 11 | C60: Sensors | D60: 11-E Load Cells & Current Sensors | E60: Current Sensor - WCS1800 - TS sander, TS Sprayer | F60: 2 | G60: Not consumable | H60: Durable equipment / spare component | I60: Uttez | J60: India | K60: Yes | L60: PR-2026-1627 | M60: In stock | N60: Mobile (travels with robot)
A61: 60 | B61: 11 | C61: Sensors | D61: 11-F Limit & Proximity Switches | E61: Switch - Reed, SMC D-M9B | F61: 2 | G61: Not consumable | H61: Durable equipment / spare component | I61: Badri | J61: India | K61: Yes | L61: PR-2026-1699 | M61: PR Raised | N61: Mobile (travels with robot)
A62: 61 | B62: 11 | C62: Sensors | D62: 11-F Limit & Proximity Switches | E62: Limit Switch - KWI-103-7 - bucket compartment door | F62: 5 | G62: Not consumable | H62: Durable equipment / spare component | I62: Uttez | J62: India | K62: No | L62: PR-2026-1630 | M62: In stock | N62: Mobile (travels with robot)
A63: 62 | B63: 11 | C63: Sensors | D63: 11-F Limit & Proximity Switches | E63: Limit Switch - ME-8111 - bucket drop | F63: 5 | G63: Not consumable | H63: Durable equipment / spare component | I63: Uttez | J63: India | K63: No | M63: In stock | N63: Mobile (travels with robot)
A64: 63 | B64: 11 | C64: Sensors | D64: 11-H Pressure & Temperature Sensors | E64: Transducer - Pressure, Graco 243222 | F64: 1 | G64: Not consumable | H64: Durable equipment / spare component | I64: Anand | J64: Buy in US | K64: No | M64: To be purchased
A65: 64 | B65: 11 | C65: Sensors | D65: 11-H Pressure & Temperature Sensors | E65: Sensor - Temperature & Humidity, AM2305B | F65: 1.0 | G65: Not consumable | H65: Durable equipment / spare component | I65: Uttez | J65: India | K65: No | M65: In stock | N65: Mobile (travels with robot)
A66: 65 | B66: 12 | C66: Actuators | D66: 12-B Motor Drivers | E66: Motor Driver - Lift Kit, FD145-AB-000 | F66: 1 | G66: Not consumable | H66: Durable equipment / spare component | I66: Badri | J66: India | K66: No | M66: PR Raised | N66: Mobile (travels with robot)
A67: 66 | B67: 12 | C67: Actuators | D67: 12-C Pumps & Pump Repair Kits | E67: Repair Kit - Graco Pump, 17H844 | F67: 1 | G67: Consumable | H67: Pump wear/service part - consumed at service interval | I67: Anand | J67: Buy in US | K67: No | M67: To be purchased
A68: 67 | B68: 12 | C68: Actuators | D68: 12-C Pumps & Pump Repair Kits | E68: Repair Kit - Graco Foot Valve, 24N013 | F68: 1 | G68: Consumable | H68: Pump wear/service part - consumed at service interval | I68: Anand | J68: Buy in US | K68: No | M68: To be purchased
A69: 68 | B69: 12 | C69: Actuators | D69: 12-C Pumps & Pump Repair Kits | E69: Repair Kit - Graco Mark X Drain Valve, 245103 | F69: 1 | G69: Consumable | H69: Pump wear/service part - consumed at service interval | I69: Anand | J69: Buy in US | K69: No | M69: To be purchased
A70: 69 | B70: 12 | C70: Actuators | D70: 12-C Pumps & Pump Repair Kits | E70: Strainer - Pump Inlet, Graco 189920 | F70: 1 | G70: Consumable | H70: Pump wear/service part - consumed at service interval | I70: Anand | J70: Buy in US | K70: No | M70: To be purchased
A71: 70 | B71: 12 | C71: Actuators | D71: 12-C Pumps & Pump Repair Kits | E71: Valve - Foot, Graco 15A303 | F71: 1 | G71: Not consumable | H71: Pump spare component (durable) | I71: Anand | J71: Buy in US | K71: No | M71: To be purchased
A72: 71 | B72: 12 | C72: Actuators | D72: 12-C Pumps & Pump Repair Kits | E72: O-Ring - Foot Valve to Ball Seat, Graco 17E793 | F72: 1 | G72: Consumable | H72: Pump wear/service part - consumed at service interval | I72: Anand | J72: Buy in US | K72: No | M72: To be purchased
A73: 72 | B73: 12 | C73: Actuators | D73: 12-C Pumps & Pump Repair Kits | E73: Ball Seat - Pump Inlet | F73: 1 | G73: Consumable | H73: Pump wear/service part - consumed at service interval | I73: Anand | J73: Buy in US | K73: No | M73: To be purchased
A74: 73 | B74: 12 | C74: Actuators | D74: 12-C Pumps & Pump Repair Kits | E74: Check Ball - Pump Inlet, Ceramic, Graco 17R046 | F74: 1 | G74: Consumable | H74: Pump wear/service part - consumed at service interval | I74: Anand | J74: Buy in US | K74: No | M74: To be purchased
A75: 74 | B75: 12 | C75: Actuators | D75: 12-C Pumps & Pump Repair Kits | E75: Ball Guide - Graco 193391 | F75: 1 | G75: Not consumable | H75: Pump spare component (durable) | I75: Anand | J75: Buy in US | K75: No | M75: To be purchased
A76: 75 | B76: 12 | C76: Actuators | D76: 12-C Pumps & Pump Repair Kits | E76: Spring - Inlet Ball, Graco 24E027 | F76: 1 | G76: Consumable | H76: Pump wear/service part - consumed at service interval | I76: Anand | J76: Buy in US | K76: No | M76: To be purchased
A77: 76 | B77: 12 | C77: Actuators | D77: 12-C Pumps & Pump Repair Kits | E77: O-Ring - Pump Stem to Foot Valve, Graco 160325 | F77: 1 | G77: Consumable | H77: Pump wear/service part - consumed at service interval | I77: Anand | J77: Buy in US | K77: No | M77: To be purchased
A78: 77 | B78: 12 | C78: Actuators | D78: 12-C Pumps & Pump Repair Kits | E78: Hose - Pump Drain, Graco 244240 | F78: 1 | G78: Not consumable | H78: Pump spare component (durable) | I78: Anand | J78: India | K78: No | M78: In stock
... A89: 88 | B89: 12 | C89: Actuators | D89: 12-C Pumps & Pump Repair Kits | E89: Spring - Compression, Large, Graco 114139 | F89: 1 | G89: Consumable | H89: Pump wear/service part - consumed at service interval | I89: Anand | J89: Buy in US | K89: No | M89: To be purchased
A90: 89 | B90: 12 | C90: Actuators | D90: 12-D Valves & Solenoids | E90: Valve - One-Way Flow Control, 3/8 in to 8 mm (GRLA-3/8-QS-8-D) - 5/2 exhaust | F90: 2 | G90: Not consumable | H90: Durable equipment / spare component | I90: Anand | J90: India | K90: No | L90: PR-2026-1561 | M90: Payment Done
A91: 90 | B91: 12 | C91: Actuators | D91: 12-D Valves & Solenoids | E91: Valve - 5/2 Pneumatic, VUVS-L30-M52-AD-G38-F8 | F91: 1 | G91: Not consumable | H91: Durable equipment / spare component | I91: Anand | J91: India | K91: No | M91: In stock
A92: 91 | B92: 12 | C92: Actuators | D92: 12-D Valves & Solenoids | E92: Valve - 2/2 Pneumatic, E12612W | F92: 1 | G92: Not consumable | H92: Durable equipment / spare component | I92: Anand | J92: India | K92: No | M92: In stock
A93: 92 | B93: 12 | C93: Actuators | D93: 12-D Valves & Solenoids | E93: Valve - 3/2 Pneumatic with 24 V Solenoid, DS245SR61 | F93: 1 | G93: Not consumable | H93: Durable equipment / spare component | I93: Anand | J93: India | K93: Yes | L93: PR-2026-1566 | M93: Payment Done
A94: 93 | B94: 12 | C94: Actuators | D94: 12-D Valves & Solenoids | E94: Solenoid - for 5/2 Valve, VACF-B-C1-1 | F94: 1 | G94: Not consumable | H94: Durable equipment / spare component | I94: Anand | J94: India | K94: No | M94: In stock
A95: 94 | B95: 12 | C95: Actuators | D95: 12-E Pneumatic Fittings & Hose | E95: Hose - Pneumatic, 6 mm OD, WH00B06 | F95: 30ft | G95: Borderline | H95: Bulk stock issued by length - consumable-class in inventory, not used up per se | I95: Anand | J95: India | K95: No | M95: In stock | N95: Mobile (travels with robot)
A96: 95 | B96: 12 | C96: Actuators | D96: 12-E Pneumatic Fittings & Hose | E96: Fitting - Push-In Inline Union, 6 mm (PU-6) | F96: 2 | G96: Not consumable | H96: Durable equipment / spare component | I96: Anand | J96: India | K96: No | M96: In stock | N96: Mobile (travels with robot)
A97: 96 | B97: 12 | C97: Actuators | D97: 12-E Pneumatic Fittings & Hose | E97: Fitting - Push-In with Flow Control, 1/8 in to 6 mm (GRLA-1/8-QS-6-RS-D) - piston inlet | F97: 8 | G97: Not consumable | H97: Durable equipment / spare component | I97: Anand | J97: India | K97: No | M97: In stock | N97: Mobile (travels with robot)
A98: 97 | B98: 12 | C98: Actuators | D98: 12-E Pneumatic Fittings & Hose | E98: Fitting - Push-In Tee, 6 mm (QST-6) | F98: 7 | G98: Not consumable | H98: Durable equipment / spare component | I98: Anand | J98: India | K98: No | M98: In stock
A99: 98 | B99: 12 | C99: Actuators | D99: 12-E Pneumatic Fittings & Hose | E99: Fitting - Push-In Elbow, 1/4 in to 6 mm (QSL-1/4-6) - AutoGun | F99: 1 | G99: Not consumable | H99: Durable equipment / spare component | I99: Anand | J99: India | K99: No | M99: In stock
A100: 99 | B100: 12 | C100: Actuators | D100: 12-E Pneumatic Fittings & Hose | E100: Fitting - Push-In Straight, 3/8 in to 6 mm (QS-3/8-6) - 5/2 valve inlet + outlet | F100: 3 | G100: Not consumable | H100: Durable equipment / spare component | I100: Anand | J100: India | K100: No | M100: In stock
A101: 100 | B101: 12 | C101: Actuators | D101: 12-E Pneumatic Fittings & Hose | E101: Fitting - Push-In Reducer, 8 to 6 mm (QS-8-6) | F101: 2 | G101: Not consumable | H101: Durable equipment / spare component | I101: Anand | J101: India | K101: No | M101: In stock
A102: 101 | B102: 12 | C102: Actuators | D102: 12-E Pneumatic Fittings & Hose | E102: Fitting - Muffler Connector, PCF6-02 - 5/2 exhaust | F102: 2 | G102: Not consumable | H102: Durable equipment / spare component | I102: Anand | J102: India | K102: No | L102: PR-2026-1562 | M102: Payment Done
A103: 102 | B103: 12 | C103: Actuators | D103: 12-E Pneumatic Fittings & Hose | E103: Muffler - Brass, 1/4 in - 5/2 + 3/2 exhaust | F103: 2 | G103: Not consumable | H103: Durable equipment / spare component | I103: Anand | J103: India | K103: No | L103: PR-2026-1563 | M103: Payment Done
A104: 103 | B104: 12 | C104: Actuators | D104: 12-E Pneumatic Fittings & Hose | E104: Fitting - Push-In, WP2110651 - 2/2 and 3/2 valve ports | F104: 4 | G104: Not consumable | H104: Durable equipment / spare component | I104: Anand | J104: India | K104: No | M104: In stock
A105: 104 | B105: 12 | C105: Actuators | D105: 12-F Latches | E105: Latch - Electromagnetic, EM6-FBT1224 | F105: 1.0 | G105: Not consumable | H105: Durable equipment / spare component | I105: Badri | J105: India | K105: No | M105: IQC Stage | N105: NY Stationary (stays in NY inventory)
A106: 105 | B106: 12 | C106: Actuators | D106: 12-F Latches | E106: Latch - Electromechanical, KR-S79N | F106: 2.0 | G106: Not consumable | H106: Durable equipment / spare component | I106: Anand | J106: India | K106: Yes | L106: PR-2026-1565 | M106: Payment Done
A107: 106 | B107: 12 | C107: Actuators | D107: 12-G Spray Gun & Applicator | E107: Hose - Airless Paint, Graco BlueMax II 3/8 in x 50 ft (240797) | F107: 1 | G107: Not consumable | H107: Durable equipment / spare component | I107: Anand | J107: India | K107: No | M107: In stock
A108: 107 | B108: 12 | C108: Actuators | D108: 12-G Spray Gun & Applicator | E108: Spray Gun - Graco AutoGun, 26C264 | F108: 1 | G108: Not consumable | H108: Durable equipment / spare component | I108: Anand | J108: India | K108: No | M108: In stock
A109: 108 | B109: 12 | C109: Actuators | D109: 12-G Spray Gun & Applicator | E109: Needle - Cartridge Assembly, Graco 24B916 | F109: 1 | G109: Consumable | H109: Spray-gun wear part | I109: Anand | J109: Buy in US | K109: No | M109: To be purchased
A110: 109 | B110: 12 | C110: Actuators | D110: 12-H Piston & Cylinder Parts | E110: Rod End - Piston, Custom | F110: 4 | G110: Not consumable | H110: Durable equipment / spare component | I110: Anand | J110: India | K110: No | M110: In stock
...

Sheet Summary
A1: Consumables classification - Packaging list V2 shipment
A2: 507 line items. "Consumable" = used up or destroyed in normal use and reordered on a cycle. "Borderline" = bulk stock or field-termination parts; classify to your own accounting rule. Basis for every line is on the Consumables Classification sheet. Procurement columns (Owner, Procure from, PR raised, PR number, Procurement status) are carried across unchanged from Sheet1 columns D, F, H, J and K.
A4: Overall
A5: Classification | B5: Line items
A6: Consumable | B6: =COUNTIF('Consumables Classification'!$G$2:$G$508,A6)
A7: Borderline | B7: =COUNTIF('Consumables Classification'!$G$2:$G$508,A7)
A8: Not consumable | B8: =COUNTIF('Consumables Classification'!$G$2:$G$508,A8)
A9: Total | B9: =SUM(B6:B8)
A11: Consumables by procurement status
A12: Procurement status | B12: Consumable | C12: Borderline | D12: Not consumable | E12: Total
A13: (blank) | B13: =COUNTIFS('Consumables Classification'!$M$2:$M$508,"",'Consumables Classification'!$G$2:$G$508,B$12) | C13: =COUNTIFS('Consumables Classification'!$M$2:$M$508,"",'Consumables Classification'!$G$2:$G$508,C$12) | D13: =COUNTIFS('Consumables Classification'!$M$2:$M$508,"",'Consumables Classification'!$G$2:$G$508,D$12) | E13: =SUM(B13:D13)
A14: Hold | B14: =COUNTIFS('Consumables Classification'!$M$2:$M$508,$A14,'Consumables Classification'!$G$2:$G$508,B$12) | C14: =COUNTIFS('Consumables Classification'!$M$2:$M$508,$A14,'Consumables Classification'!$G$2:$G$508,C$12) | D14: =COUNTIFS('Consumables Classification'!$M$2:$M$508,$A14,'Consumables Classification'!$G$2:$G$508,D$12) | E14: =SUM(B14:D14)
A15: IQC Stage | B15: =COUNTIFS('Consumables Classification'!$M$2:$M$508,$A15,'Consumables Classification'!$G$2:$G$508,B$12) | C15: =COUNTIFS('Consumables Classification'!$M$2:$M$508,$A15,'Consumables Classification'!$G$2:$G$508,C$12) | D15: =COUNTIFS('Consumables Classification'!$M$2:$M$508,$A15,'Consumables Classification'!$G$2:$G$508,D$12) | E15: =SUM(B15:D15)
A16: In stock | B16: =COUNTIFS('Consumables Classification'!$M$2:$M$508,$A16,'Consumables Classification'!$G$2:$G$508,B$12) | C16: =COUNTIFS('Consumables Classification'!$M$2:$M$508,$A16,'Consumables Classification'!$G$2:$G$508,C$12) | D16: =COUNTIFS('Consumables Classification'!$M$2:$M$508,$A16,'Consumables Classification'!$G$2:$G$508,D$12) | E16: =SUM(B16:D16)
A17: PR Raised | B17: =COUNTIFS('Consumables Classification'!$M$2:$M$508,$A17,'Consumables Classification'!$G$2:$G$508,B$12) | C17: =COUNTIFS('Consumables Classification'!$M$2:$M$508,$A17,'Consumables Classification'!$G$2:$G$508,C$12) | D17: =COUNTIFS('Consumables Classification'!$M$2:$M$508,$A17,'Consumables Classification'!$G$2:$G$508,D$12) | E17: =SUM(B17:D17)
A18: Payment Done | B18: =COUNTIFS('Consumables Classification'!$M$2:$M$508,$A18,'Consumables Classification'!$G$2:$G$508,B$12) | C18: =COUNTIFS('Consumables Classification'!$M$2:$M$508,$A18,'Consumables Classification'!$G$2:$G$508,C$12) | D18: =COUNTIFS('Consumables Classification'!$M$2:$M$508,$A18,'Consumables Classification'!$G$2:$G$508,D$12) | E18: =SUM(B18:D18)
A19: To be Prepared | B19: =COUNTIFS('Consumables Classification'!$M$2:$M$508,$A19,'Consumables Classification'!$G$2:$G$508,B$12) | C19: =COUNTIFS('Consumables Classification'!$M$2:$M$508,$A19,'Consumables Classification'!$G$2:$G$508,C$12) | D19: =COUNTIFS('Consumables Classification'!$M$2:$M$508,$A19,'Consumables Classification'!$G$2:$G$508,D$12) | E19: =SUM(B19:D19)
A20: To be Printed | B20: =COUNTIFS('Consumables Classification'!$M$2:$M$508,$A20,'Consumables Classification'!$G$2:$G$508,B$12) | C20: =COUNTIFS('Consumables Classification'!$M$2:$M$508,$A20,'Consumables Classification'!$G$2:$G$508,C$12) | D20: =COUNTIFS('Consumables Classification'!$M$2:$M$508,$A20,'Consumables Classification'!$G$2:$G$508,D$12) | E20: =SUM(B20:D20)
A21: To be purchased | B21: =COUNTIFS('Consumables Classification'!$M$2:$M$508,$A21,'Consumables Classification'!$G$2:$G$508,B$12) | C21: =COUNTIFS('Consumables Classification'!$M$2:$M$508,$A21,'Consumables Classification'!$G$2:$G$508,C$12) | D21: =COUNTIFS('Consumables Classification'!$M$2:$M$508,$A21,'Consumables Classification'!$G$2:$G$508,D$12) | E21: =SUM(B21:D21)
A22: Total | B22: =SUM(B13:B21) | C22: =SUM(C13:C21) | D22: =SUM(D13:D21) | E22: =SUM(E13:E21)
A24: Consumables by procurement source
A25: Procure from | B25: Consumable | C25: Borderline | D25: Not consumable | E25: Total
A26: India | B26: =COUNTIFS('Consumables Classification'!$J$2:$J$508,$A26,'Consumables Classification'!$G$2:$G$508,B$25) | C26: =COUNTIFS('Consumables Classification'!$J$2:$J$508,$A26,'Consumables Classification'!$G$2:$G$508,C$25) | D26: =COUNTIFS('Consumables Classification'!$J$2:$J$508,$A26,'Consumables Classification'!$G$2:$G$508,D$25) | E26: =SUM(B26:D26)
A27: Buy in US | B27: =COUNTIFS('Consumables Classification'!$J$2:$J$508,$A27,'Consumables Classification'!$G$2:$G$508,B$25) | C27: =COUNTIFS('Consumables Classification'!$J$2:$J$508,$A27,'Consumables Classification'!$G$2:$G$508,C$25) | D27: =COUNTIFS('Consumables Classification'!$J$2:$J$508,$A27,'Consumables Classification'!$G$2:$G$508,D$25) | E27: =SUM(B27:D27)
A30: By box
A31: Box | B31: Box category | C31: Consumable | D31: Borderline | E31: Not consumable | F31: Total
A32: 1 | B32: MoMa | C32: =COUNTIFS('Consumables Classification'!$B$2:$B$508,1,'Consumables Classification'!$C$2:$C$508,$B32,'Consumables Classification'!$G$2:$G$508,C$31) | D32: =COUNTIFS('Consumables Classification'!$B$2:$B$508,1,'Consumables Classification'!$C$2:$C$508,$B32,'Consumables Classification'!$G$2:$G$508,D$31) | E32: =COUNTIFS('Consumables Classification'!$B$2:$B$508,1,'Consumables Classification'!$C$2:$C$508,$B32,'Consumables Classification'!$G$2:$G$508,E$31) | F32: =SUM(C32:E32)
A33: 2 | B33: Bringup Kit | C33: =COUNTIFS('Consumables Classification'!$B$2:$B$508,2,'Consumables Classification'!$C$2:$C$508,$B33,'Consumables Classification'!$G$2:$G$508,C$31) | D33: =COUNTIFS('Consumables Classification'!$B$2:$B$508,2,'Consumables Classification'!$C$2:$C$508,$B33,'Consumables Classification'!$G$2:$G$508,D$31) | E33: =COUNTIFS('Consumables Classification'!$B$2:$B$508,2,'Consumables Classification'!$C$2:$C$508,$B33,'Consumables Classification'!$G$2:$G$508,E$31) | F33: =SUM(C33:E33)
A34: 3 | B34: UR Arm | C34: =COUNTIFS('Consumables Classification'!$B$2:$B$508,3,'Consumables Classification'!$C$2:$C$508,$B34,'Consumables Classification'!$G$2:$G$508,C$31) | D34: =COUNTIFS('Consumables Classification'!$B$2:$B$508,3,'Consumables Classification'!$C$2:$C$508,$B34,'Consumables Classification'!$G$2:$G$508,D$31) | E34: =COUNTIFS('Consumables Classification'!$B$2:$B$508,3,'Consumables Classification'!$C$2:$C$508,$B34,'Consumables Classification'!$G$2:$G$508,E$31) | F34: =SUM(C34:E34)
A35: 6 | B35: Tool Sprayer System | C35: =COUNTIFS('Consumables Classification'!$B$2:$B$508,6,'Consumables Classification'!$C$2:$C$508,$B35,'Consumables Classification'!$G$2:$G$508,C$31) | D35: =COUNTIFS('Consumables Classification'!$B$2:$B$508,6,'Consumables Classification'!$C$2:$C$508,$B35,'Consumables Classification'!$G$2:$G$508,D$31) | E35: =COUNTIFS('Consumables Classification'!$B$2:$B$508,6,'Consumables Classification'!$C$2:$C$508,$B35,'Consumables Classification'!$G$2:$G$508,E$31) | F35: =SUM(C35:E35)
A36: 7 | B36: Tool Sprayer Station | C36: =COUNTIFS('Consumables Classification'!$B$2:$B$508,7,'Consumables Classification'!$C$2:$C$508,$B36,'Consumables Classification'!$G$2:$G$508,C$31) | D36: =COUNTIFS('Consumables Classification'!$B$2:$B$508,7,'Consumables Classification'!$C$2:$C$508,$B36,'Consumables Classification'!$G$2:$G$508,D$31) | E36: =COUNTIFS('Consumables Classification'!$B$2:$B$508,7,'Consumables Classification'!$C$2:$C$508,$B36,'Consumables Classification'!$G$2:$G$508,E$31) | F36: =SUM(C36:E36)
A37: 8 | B37: Accessories (OST & HHM) | C37: =COUNTIFS('Consumables Classification'!$B$2:$B$508,8,'Consumables Classification'!$C$2:$C$508,$B37,'Consumables Classification'!$G$2:$G$508,C$31) | D37: =COUNTIFS('Consumables Classification'!$B$2:$B$508,8,'Consumables Classification'!$C$2:$C$508,$B37,'Consumables Classification'!$G$2:$G$508,D$31) | E37: =COUNTIFS('Consumables Classification'!$B$2:$B$508,8,'Consumables Classification'!$C$2:$C$508,$B37,'Consumables Classification'!$G$2:$G$508,E$31) | F37: =SUM(C37:E37)
A38: 9 | B38: Compute & Network | C38: =COUNTIFS('Consumables Classification'!$B$2:$B$508,9,'Consumables Classification'!$C$2:$C$508,$B38,'Consumables Classification'!$G$2:$G$508,C$31) | D38: =COUNTIFS('Consumables Classification'!$B$2:$B$508,9,'Consumables Classification'!$C$2:$C$508,$B38,'Consumables Classification'!$G$2:$G$508,D$31) | E38: =COUNTIFS('Consumables Classification'!$B$2:$B$508,9,'Consumables Classification'!$C$2:$C$508,$B38,'Consumables Classification'!$G$2:$G$508,E$31) | F38: =SUM(C38:E38)
A39: 9 | B39: Mechanical parts | C39: =COUNTIFS('Consumables Classification'!$B$2:$B$508,9,'Consumables Classification'!$C$2:$C$508,$B39,'Consumables Classification'!$G$2:$G$508,C$31) | D39: =COUNTIFS('Consumables Classification'!$B$2:$B$508,9,'Consumables Classification'!$C$2:$C$508,$B39,'Consumables Classification'!$G$2:$G$508,D$31) | E39: =COUNTIFS('Consumables Classification'!$B$2:$B$508,9,'Consumables Classification'!$C$2:$C$508,$B39,'Consumables Classification'!$G$2:$G$508,E$31) | F39: =SUM(C39:E39)
A40: 10 | B40: Power & Switching | C40: =COUNTIFS('Consumables Classification'!$B$2:$B$508,10,'Consumables Classification'!$C$2:$C$508,$B40,'Consumables Classification'!$G$2:$G$508,C$31) | D40: =COUNTIFS('Consumables Classification'!$B$2:$B$508,10,'Consumables Classification'!$C$2:$C$508,$B40,'Consumables Classification'!$G$2:$G$508,D$31) | E40: =COUNTIFS('Consumables Classification'!$B$2:$B$508,10,'Consumables Classification'!$C$2:$C$508,$B40,'Consumables Classification'!$G$2:$G$508,E$31) | F40: =SUM(C40:E40)
A41: 11 | B41: Sensors | C41: =COUNTIFS('Consumables Classification'!$B$2:$B$508,11,'Consumables Classification'!$C$2:$C$508,$B41,'Consumables Classification'!$G$2:$G$508,C$31) | D41: =COUNTIFS('Consumables Classification'!$B$2:$B$508,11,'Consumables Classification'!$C$2:$C$508,$B41,'Consumables Classification'!$G$2:$G$508,D$31) | E41: =COUNTIFS('Consumables Classification'!$B$2:$B$508,11,'Consumables Classification'!$C$2:$C$508,$B41,'Consumables Classification'!$G$2:$G$508,E$31) | F41: =SUM(C41:E41)
A42: 12 | B42: Actuators | C42: =COUNTIFS('Consumables Classification'!$B$2:$B$508,12,'Consumables Classification'!$C$2:$C$508,$B42,'Consumables Classification'!$G$2:$G$508,C$31) | D42: =COUNTIFS('Consumables Classification'!$B$2:$B$508,12,'Consumables Classification'!$C$2:$C$508,$B42,'Consumables Classification'!$G$2:$G$508,D$31) | E42: =COUNTIFS('Consumables Classification'!$B$2:$B$508,12,'Consumables Classification'!$C$2:$C$508,$B42,'Consumables Classification'!$G$2:$G$508,E$31) | F42: =SUM(C42:E42)
A43: 13 | B43: Diagnostic & repair tools | C43: =COUNTIFS('Consumables Classification'!$B$2:$B$508,13,'Consumables Classification'!$C$2:$C$508,$B43,'Consumables Classification'!$G$2:$G$508,C$31) | D43: =COUNTIFS('Consumables Classification'!$B$2:$B$508,13,'Consumables Classification'!$C$2:$C$508,$B43,'Consumables Classification'!$G$2:$G$508,D$31) | E43: =COUNTIFS('Consumables Classification'!$B$2:$B$508,13,'Consumables Classification'!$C$2:$C$508,$B43,'Consumables Classification'!$G$2:$G$508,E$31) | F43: =SUM(C43:E43)
A44: 13 | B44: Wire, connector, cables & crimps | C44: =COUNTIFS('Consumables Classification'!$B$2:$B$508,13,'Consumables Classification'!$C$2:$C$508,$B44,'Consumables Classification'!$G$2:$G$508,C$31) | D44: =COUNTIFS('Consumables Classification'!$B$2:$B$508,13,'Consumables Classification'!$C$2:$C$508,$B44,'Consumables Classification'!$G$2:$G$508,D$31) | E44: =COUNTIFS('Consumables Classification'!$B$2:$B$508,13,'Consumables Classification'!$C$2:$C$508,$B44,'Consumables Classification'!$G$2:$G$508,E$31) | F44: =SUM(C44:E44)
A45: 14 | B45: Custom PCB | C45: =COUNTIFS('Consumables Classification'!$B$2:$B$508,14,'Consumables Classification'!$C$2:$C$508,$B45,'Consumables Classification'!$G$2:$G$508,C$31) | D45: =COUNTIFS('Consumables Classification'!$B$2:$B$508,14,'Consumables Classification'!$C$2:$C$508,$B45,'Consumables Classification'!$G$2:$G$508,D$31) | E45: =COUNTIFS('Consumables Classification'!$B$2:$B$508,14,'Consumables Classification'!$C$2:$C$508,$B45,'Consumables Classification'!$G$2:$G$508,E$31) | F45: =SUM(C45:E45)
A46: 15 | B46: Mechanical EOA | C46: =COUNTIFS('Consumables Classification'!$B$2:$B$508,15,'Consumables Classification'!$C$2:$C$508,$B46,'Consumables Classification'!$G$2:$G$508,C$31) | D46: =COUNTIFS('Consumables Classification'!$B$2:$B$508,15,'Consumables Classification'!$C$2:$C$508,$B46,'Consumables Classification'!$G$2:$G$508,D$31) | E46: =COUNTIFS('Consumables Classification'!$B$2:$B$508,15,'Consumables Classification'!$C$2:$C$508,$B46,'Consumables Classification'!$G$2:$G$508,E$31) | F46: =SUM(C46:E46)
A47: 16 | B47: Mechanical parts | C47: =COUNTIFS('Consumables Classification'!$B$2:$B$508,16,'Consumables Classification'!$C$2:$C$508,$B47,'Consumables Classification'!$G$2:$G$508,C$31) | D47: =COUNTIFS('Consumables Classification'!$B$2:$B$508,16,'Consumables Classification'!$C$2:$C$508,$B47,'Consumables Classification'!$G$2:$G$508,D$31) | E47: =COUNTIFS('Consumables Classification'!$B$2:$B$508,16,'Consumables Classification'!$C$2:$C$508,$B47,'Consumables Classification'!$G$2:$G$508,E$31) | F47: =SUM(C47:E47)
A48: 17 | B48: Bringup Kit | C48: =COUNTIFS('Consumables Classification'!$B$2:$B$508,17,'Consumables Classification'!$C$2:$C$508,$B48,'Consumables Classification'!$G$2:$G$508,C$31) | D48: =COUNTIFS('Consumables Classification'!$B$2:$B$508,17,'Consumables Classification'!$C$2:$C$508,$B48,'Consumables Classification'!$G$2:$G$508,D$31) | E48: =COUNTIFS('Consumables Classification'!$B$2:$B$508,17,'Consumables Classification'!$C$2:$C$508,$B48,'Consumables Classification'!$G$2:$G$508,E$31) | F48: =SUM(C48:E48)
A49: 17 | B49: Diagnostic & repair tools | C49: =COUNTIFS('Consumables Classification'!$B$2:$B$508,17,'Consumables Classification'!$C$2:$C$508,$B49,'Consumables Classification'!$G$2:$G$508,C$31) | D49: =COUNTIFS('Consumables Classification'!$B$2:$B$508,17,'Consumables Classification'!$C$2:$C$508,$B49,'Consumables Classification'!$G$2:$G$508,D$31) | E49: =COUNTIFS('Consumables Classification'!$B$2:$B$508,17,'Consumables Classification'!$C$2:$C$508,$B49,'Consumables Classification'!$G$2:$G$508,E$31) | F49: =SUM(C49:E49)
A50: 18 | B50: Consumables | C50: =COUNTIFS('Consumables Classification'!$B$2:$B$508,18,'Consumables Classification'!$C$2:$C$508,$B50,'Consumables Classification'!$G$2:$G$508,C$31) | D50: =COUNTIFS('Consumables Classification'!$B$2:$B$508,18,'Consumables Classification'!$C$2:$C$508,$B50,'Consumables Classification'!$G$2:$G$508,D$31) | E50: =COUNTIFS('Consumables Classification'!$B$2:$B$508,18,'Consumables Classification'!$C$2:$C$508,$B50,'Consumables Classification'!$G$2:$G$508,E$31) | F50: =SUM(C50:E50)
A51: 19 | B51: Packaging | C51: =COUNTIFS('Consumables Classification'!$B$2:$B$508,19,'Consumables Classification'!$C$2:$C$508,$B51,'Consumables Classification'!$G$2:$G$508,C$31) | D51: =COUNTIFS('Consumables Classification'!$B$2:$B$508,19,'Consumables Classification'!$C$2:$C$508,$B51,'Consumables Classification'!$G$2:$G$508,D$31) | E51: =COUNTIFS('Consumables Classification'!$B$2:$B$508,19,'Consumables Classification'!$C$2:$C$508,$B51,'Consumables Classification'!$G$2:$G$508,E$31) | F51: =SUM(C51:E51)
A52: (none) | B52: NYC Site & Facility | C52: =COUNTIFS('Consumables Classification'!$B$2:$B$508,"",'Consumables Classification'!$C$2:$C$508,$B52,'Consumables Classification'!$G$2:$G$508,C$31) | D52: =COUNTIFS('Consumables Classification'!$B$2:$B$508,"",'Consumables Classification'!$C$2:$C$508,$B52,'Consumables Classification'!$G$2:$G$508,D$31) | E52: =COUNTIFS('Consumables Classification'!$B$2:$B$508,"",'Consumables Classification'!$C$2:$C$508,$B52,'Consumables Classification'!$G$2:$G$508,E$31) | F52: =SUM(C52:E52)

Sheet Consumables to procure
A1: Consumable + borderline items not yet in stock
A2: Everything classified consumable or borderline whose procurement status is not "In stock". Sorted by status, then box.
A4: Row in Sheet1 | B4: Box | C4: Item | D4: Qty | E4: Classification | F4: Owner | G4: Procure from | H4: PR number | I4: Procurement status
A5: 400 | B5: 17 | C5: PPE - Rubber Boots | D5: 1 | E5: Borderline | F5: Kaustubh | G5: India | I5: Hold
A6: 434 | B6: 18 | C6: Filter - Sander Vacuum, 8999600411 | D6: 1 | E6: Consumable | F6: SANKALP | G6: Buy in US | I6: Hold
A7: 445 | B7: 19 | C7: Foam - EPE Sheet | D7: 25 | E7: Consumable | F7: Kaustubh | G7: India | I7: Hold
A8: 446 | B8: 19 | C8: Bubble Wrap - Roll, 1 m wide | D8: 1 roll | E8: Consumable | F8: Kaustubh | G8: India | I8: Hold
A9: 447 | B9: 19 | C9: Stretch Film - Polyethylene Wrap, 500 mm | D9: 3 rolls | E9: Consumable | F9: Kaustubh | G9: India | I9: Hold
A10: 452 | B10: 19 | C10: Paint - Spray, Matt Black | D10: 2 | E10: Consumable | F10: Kaustubh | G10: Buy in US | I10: Hold
A11: 453 | B11: 19 | C11: Paint - Spray, Red | D11: 2 | E11: Consumable | F11: Kaustubh | G11: Buy in US | I11: Hold
A12: 203 | B12: 2 | C12: Battery - Li-SOCl2 AA, ER14505 - driver encoder (Spare) | D12: 4.0 | E12: Consumable | F12: Badri | G12: India | I12: IQC Stage
A13: 463 | B13: 2 | C13: Bolt - Socket Cap (SHCS), M5 x 16 mm - EOA quick-lock fastener | D13: 6 | E13: Consumable | F13: Kaustubh | G13: India | I13: IQC Stage
A14: 464 | B14: 2 | C14: Bolt - Socket Cap (SHCS), M8 x 50 mm - arm mounting | D14: 4 | E14: Consumable | F14: Kaustubh | G14: India | I14: IQC Stage
A15: 465 | B15: 2 | C15: Bolt - Socket Cap (SHCS), M8 x 40 mm - arm mounting | D15: 4 | E15: Consumable | F15: Kaustubh | G15: India | I15: IQC Stage
A16: 466 | B16: 2 | C16: Nut - Nylon Lock, M8 - arm mounting | D16: 4 | E16: Consumable | F16: Kaustubh | G16: India | I16: IQC Stage
... A21: 451 | B21: 19 | C21: Label - Shipping Labels & Stamps | D21: 6 | E21: Consumable | F21: Kaustubh | G21: India | I21: IQC Stage
A22: 457 | B22: 2 | C22: Knife Blades | D22: 1 | E22: Consumable | F22: Kaustubh | G22: India | H22: PR-2026-1651 | I22: PR Raised
A23: 110 | B23: 12 | C23: Bolt - Countersunk (CSK), M6 x 15 mm - piston rod end | D23: 8 | E23: Consumable | F23: Anand | G23: India | H23: PR-2026-1564 | I23: PR Raised
A24: 123 | B24: 13 | C24: Wire - PVC, 24 AWG, 2 Core | D24: 10 | E24: Borderline | F24: Badri | G24: India | I24: PR Raised
A25: 150 | B25: 13 | C25: Crimp - JST XA Female (SXA-001T-P0.6) | D25: 200.0 | E25: Consumable | F25: Badri | G25: India | I25: PR Raised
A26: 167 | B26: 13 | C26: Connector - RJ45 Cat 6, CE6324 | D26: 20 | E26: Borderline | F26: Badri | G26: India | I26: PR Raised
A27: 168 | B27: 13 | C27: Boot Cap - RJ45, CE6324 | D27: 20 | E27: Borderline | F27: Badri | G27: India | I27: PR Raised
A28: 169 | B28: 13 | C28: Connector - RJ45 Cat 7, FEDUS-CAT7 | D28: 20 | E28: Borderline | F28: Badri | G28: India | I28: PR Raised
A29: 196 | B29: 13 | C29: Lug - Ring, 4 AWG, M8 stud | D29: 30 | E29: Consumable | F29: Badri | G29: India | I29: PR Raised
A30: 197 | B30: 13 | C30: Lug - Ring, 6 AWG, M8 stud | D30: 30 | E30: Consumable | F30: Badri | G30: India | I30: PR Raised
A31: 198 | B31: 13 | C31: Lug - Ring, 12 AWG, M8 stud | D31: 20 | E31: Consumable | F31: Badri | G31: India | I31: PR Raised
A32: 199 | B32: 13 | C32: Lug - Ring, 14 AWG, M8 stud | D32: 20 | E32: Consumable | F32: Badri | G32: India | I32: PR Raised
A33: 200 | B33: 13 | C33: Lug - Ring, 14 AWG, M6 stud | D33: 20 | E33: Consumable | F33: Badri | G33: India | I33: PR Raised
A34: 201 | B34: 13 | C34: Lug - Ring, 22 AWG, M8 stud | D34: 20 | E34: Consumable | F34: Badri | G34: India | I34: PR Raised
A35: 202 | B35: 13 | C35: Lug - Ring, 22 AWG, M3 stud | D35: 20 | E35: Consumable | F35: Badri | G35: India | I35: PR Raised
A36: 204 | B36: 13 | C36: Lug - Ring, 22 AWG, M6 stud | D36: 20 | E36: Consumable | F36: Badri | G36: India | I36: PR Raised
A37: 211 | B37: 13 | C37: Conduit- Cable, PG7 | D37: 3m | E37: Borderline | F37: Kaustubh | G37: India | H37: PR-2026-1650 | I37: PR Raised
A38: 212 | B38: 13 | C38: Conduit- Cable, PG9 | D38: 3m | E38: Borderline | F38: Kaustubh | G38: India | H38: PR-2026-1650 | I38: PR Raised
A39: 213 | B39: 13 | C39: Conduit - Cable, PG11 | D39: 3m | E39: Borderline | F39: Kaustubh | G39: India | H39: PR-2026-1650 | I39: PR Raised
A40: 214 | B40: 13 | C40: Cable Track - 15 x 30 mm | D40: 2m | E40: Borderline | F40: SANKALP | G40: India | H40: PR-2026-1642 | I40: PR Raised
A41: 335 | B41: 16 | C41: Nut - Nylon Lock, M4 | D41: 20.0 | E41: Consumable | F41: Kaustubh | G41: India | H41: PR-2026-1677 | I41: PR Raised
A42: 340 | B42: 16 | C42: Washer - Flat, M2 | D42: 20.0 | E42: Consumable | F42: Kaustubh | G42: India | H42: PR-2026-1677 | I42: PR Raised
A43: 343 | B43: 16 | C43: Washer - Flat, M5 | D43: 20.0 | E43: Consumable | F43: Kaustubh | G43: India | H43: PR-2026-1677 | I43: PR Raised
A44: 344 | B44: 16 | C44: Washer - Flat, M6 | D44: 20.0 | E44: Consumable | F44: Kaustubh | G44: India | H44: PR-2026-1677 | I44: PR Raised
A45: 350 | B45: 16 | C45: Washer - Spring, M4 | D45: 20.0 | E45: Consumable | F45: Kaustubh | G45: India | H45: PR-2026-1677 | I45: PR Raised
A46: 352 | B46: 16 | C46: Washer - Spring, M5 | D46: 20.0 | E46: Consumable | F46: Kaustubh | G46: India | H46: PR-2026-1677 | I46: PR Raised
A47: 356 | B47: 16 | C47: Nut - T-Slot / Hammer, M4 (40x40 profile) | D47: 50 | E47: Consumable | F47: Kaustubh | G47: India | H47: PR-2026-1677 | I47: PR Raised
A48: 357 | B48: 16 | C48: Nut - T-Slot / Hammer, M4 (20x20 profile) | D48: 50.0 | E48: Consumable | F48: Kaustubh | G48: India | H48: PR-2026-1677 | I48: PR Raised
... A50: 401 | B50: 18 | C50: Gasket Strip - Rubber Channel, Self-Adhesive (Tintvent), thin | D50: 1 | E50: Consumable | F50: Kaustubh | G50: India | H50: PR-2026-1667 | I50: PR Raised
A51: 402 | B51: 18 | C51: Tape - Cloth (gaffer) | D51: 5 | E51: Consumable | F51: Badri | G51: India | I51: PR Raised
A52: 403 | B52: 18 | C52: Tape - Copper Foil | D52: 2 | E52: Consumable | F52: Badri | G52: India | I52: PR Raised
A53: 404 | B53: 18 | C53: Tape - Kapton (polyimide) | D53: 1 | E53: Consumable | F53: Badri | G53: India | I53: PR Raised
A54: 432 | B54: 18 | C54: Filter - Foam, 40 ppi - fan intake | D54: 1.5*2 m | E54: Consumable | F54: Kaustubh | G54: India | H54: PR-2026-1639 | I54: PR Raised
A55: 435 | B55: 18 | C55: Gloves - Nitrile, Disposable | D55: 50 | E55: Consumable | F55: Kaustubh | G55: India | H55: PR-2026-1649 | I55: PR Raised
A56: 441 | B56: 19 | C56: Strap - PET Banding Roll | D56: 1 roll | E56: Consumable | F56: Kaustubh | G56: India | H56: PR-2026-1570 | I56: PR Raised
A57: 448 | B57: 19 | C57: Tape - Packing | D57: 3 rolls | E57: Consumable | F57: Kaustubh | G57: India | H57: PR-2026-1574 | I57: PR Raised
A58: 454 | B58: 19 | C58: Tilt Indicator - Tilt Watch XTR | D58: 6 | E58: Consumable | F58: Kaustubh | G58: India | H58: PR-2026-1575 | I58: PR Raised
A59: 455 | B59: 19 | C59: Tilt Indicator - Tilt Watch Plus | D59: 6 | E59: Consumable | F59: Kaustubh | G59: India | H59: PR-2026-1576 | I59: PR Raised
A60: 449 | B60: 19 | C60: Label - Handle With Care Sticker | D60: 20 | E60: Consumable | F60: Kaustubh | G60: India | I60: To be Printed
A61: 450 | B61: 19 | C61: Stencil - Direction Marking | D61: 1 | E61: Consumable | F61: Kaustubh | G61: India | I61: To be Printed
A62: 66 | B62: 12 | C62: Repair Kit - Graco Pump, 17H844 | D62: 1 | E62: Consumable | F62: Anand | G62: Buy in US | I62: To be purchased
A63: 67 | B63: 12 | C63: Repair Kit - Graco Foot Valve, 24N013 | D63: 1 | E63: Consumable | F63: Anand | G63: Buy in US | I63: To be purchased
A64: 68 | B64: 12 | C64: Repair Kit - Graco Mark X Drain Valve, 245103 | D64: 1 | E64: Consumable | F64: Anand | G64: Buy in US | I64: To be purchased
A65: 69 | B65: 12 | C65: Strainer - Pump Inlet, Graco 189920 | D65: 1 | E65: Consumable | F65: Anand | G65: Buy in US | I65: To be purchased
A66: 71 | B66: 12 | C66: O-Ring - Foot Valve to Ball Seat, Graco 17E793 | D66: 1 | E66: Consumable | F66: Anand | G66: Buy in US | I66: To be purchased
A67: 72 | B67: 12 | C67: Ball Seat - Pump Inlet | D67: 1 | E67: Consumable | F67: Anand | G67: Buy in US | I67: To be purchased
A68: 73 | B68: 12 | C68: Check Ball - Pump Inlet, Ceramic, Graco 17R046 | D68: 1 | E68: Consumable | F68: Anand | G68: Buy in US | I68: To be purchased
A69: 75 | B69: 12 | C69: Spring - Inlet Ball, Graco 24E027 | D69: 1 | E69: Consumable | F69: Anand | G69: Buy in US | I69: To be purchased
A70: 76 | B70: 12 | C70: O-Ring - Pump Stem to Foot Valve, Graco 160325 | D70: 1 | E70: Consumable | F70: Anand | G70: Buy in US | I70: To be purchased
A71: 84 | B71: 12 | C71: Gasket - Fluid, Acetal Homopolymer, Graco 288200 | D71: 1 | E71: Consumable | F71: Anand | G71: Buy in US | I71: To be purchased
... A86: 427 | B86: 18 | C86: Lubricant - Cutting Oil | D86: 1 | E86: Consumable | F86: Kaustubh | G86: Buy in US | I86: To be purchased
A87: 504 | C87: Compound Plus 3 - 4.5 gallon bucket | D87: 20.0 | E87: Consumable | F87: Mohit | G87: Buy in US
A88: 505 | C88: No Pock Pro Warner Tools | D88: 3.0 | E88: Consumable | F88: Mohit | G88: Buy in US
A89: 506 | C89: Distilled Water | D89: 3.0 | E89: Consumable | F89: Mohit | G89: Buy in US

Sheet Flags
A1: Things to fix or confirm in the packing list
A3: Row in Sheet1 | B3: Item | C3: Issue
A4: 134 | B4: . | C4: Item name is a single "." with qty 2 - blank line item, needs a real description.
A5: 504 | B5: Compound Plus 3 - 4.5 gallon bucket | C5: Consumable with no box number assigned (NYC Site & Facility).
A6: 505 | B6: No Pock Pro Warner Tools | C6: Consumable with no box number assigned.
A7: 506 | B7: Distilled Water | C7: Consumable with no box number assigned.
A8: 507 | B8: 1litre measuring beaker | C8: No box number assigned; not a consumable (reusable vessel).
A9: 431 | B9: Diffuser Sheets | C9: Filed in Box 18 Consumables but is an optical part. Duplicates row 374 "Sheet - Light Diffuser" in Box 16.
A10: 483 | B10: Threadlocker - Loctite 243 | C10: Consumable chemical held in Box 2 Bringup Kit, separate from the Box 18 threadlocker (Loctite 271, row 418).
A11: 457 | B11: Knife Blades | C11: Consumable blades filed under Box 2 Hand Tools, not Box 18 Abrasives & Blades.
A12: 389 | B12: Caulking Gun Nozzle | C12: Consumable nozzle filed under Box 17 Hand Tools.
A13: 203 | B13: Battery - Li-SOCl2 AA ER14505 (Spare) | C13: Duplicate of row 472, same part, both Box 2. Confirm whether 4 or 8 cells ship.
A14: 471 | B14: SSD - External SanDisk 4 TB | C14: Duplicate of row 487 (Box 9). Confirm quantity.
A15: 180 | B15: Cable - USB C to USB C | C15: Duplicate of row 126. Confirm quantity.
... A20: 358 | B20: Mount - Drag Chain, Front | C20: Qty blank.

Sheet Hazmat watchlist
A1: Consumables that are regulated for air / ocean freight
A2: Flagged from item descriptions only - confirm each against the supplier SDS and your forwarder before booking.
A4: Row in Sheet1 | B4: Item | C4: Why it is regulated
A5: 424 | B5: Chemical - Isopropyl Alcohol (IPA) | C5: Flammable liquid, UN1219 class 3.
A6: 425 | B6: Paint - Spray, General Purpose (qty 2) | C6: Aerosol, class 2.1.
A7: 452 | B7: Paint - Spray, Matt Black (qty 2) | C7: Aerosol, class 2.1.
A8: 453 | B8: Paint - Spray, Red (qty 2) | C8: Aerosol, class 2.1.
A9: 415 | B9: Adhesive - Cyanoacrylate, Metloc 743 | C9: Adhesive - check SDS, often restricted by quantity.
A10: 413 | B10: Sealant - Polyurethane, Sika Sikaflex-221 | C10: Adhesive/sealant - check SDS.
A11: 417 | B11: Adhesive - Epoxy, Araldite | C11: Resin/hardener - check SDS.
A12: 418 | B12: Threadlocker - Loctite 271, 250 ml | C12: Anaerobic adhesive - check SDS.
A13: 483 | B13: Threadlocker - Loctite 243 | C13: Anaerobic adhesive - check SDS.
A14: 426 | B14: Lubricant - Tapping Oil | C14: Oil - check flash point on SDS.
A15: 427 | B15: Lubricant - Cutting Oil | C15: Oil - check flash point on SDS.
A16: 203 | B16: Battery - Li-SOCl2 AA, ER14505 (spare) | C16: Lithium metal cell, UN3090/3091 - shipping paperwork required.
... A18: 19 | B18: Power Bank - 25000 mAh 100 W (qty 2) | C18: Lithium-ion ~92.5 Wh each - passenger baggage only, never freight. Sheet1 already notes "Luggage Item".

Sheet Sheet1
A1: Power & Switching | B1: Fuse - ANM 250 A / 70 V (ANM70V-250A) - robot main | C1: 10-A Fuses | D1: Badri | E1: 3 | F1: India | H1: No | K1: In stock | L1: 10 | M1: FALSE | N1: 5 | S1: Mobile (travels with robot) | U1: 40 | V1: =IF($K1="To be purchased",COUNTIF($K1:$K$2,"To be purchased"),"")
A2: Power & Switching | B2: Fuse - ATN 20 A - travel motor, UR Controller, Planner Actuation, Planner Logic Buck | C2: 10-A Fuses | D2: Badri | E2: 10 | F2: India | H2: No | K2: In stock | L2: 10 | M2: FALSE | N2: 5 | S2: Mobile (travels with robot) | U2: 56 | V2: =IF($K2="To be purchased",COUNTIF($K2:$K$2,"To be purchased"),"")
A3: Power & Switching | B3: Fuse - ATN 10 A - steering motor | C3: 10-A Fuses | D3: Badri | E3: 6 | F3: India | H3: No | K3: In stock | L3: 10 | M3: FALSE | N3: 5 | S3: Mobile (travels with robot) | U3: 57 | V3: =IF($K3="To be purchased",COUNTIF($K3:$K$2,"To be purchased"),"")
A4: Power & Switching | B4: Fuse - ATM 40 A - lift kit | C4: 10-A Fuses | D4: Badri | E4: 2 | F4: India | H4: No | K4: In stock | L4: 10 | M4: FALSE | N4: 5 | S4: Mobile (travels with robot) | U4: 60 | V4: =IF($K4="To be purchased",COUNTIF($K4:$K$2,"To be purchased"),"")
A5: Power & Switching | B5: Fuse - ATN 15 A - control logic buck | C5: 10-A Fuses | D5: Badri | E5: 2 | F5: India | H5: No | K5: In stock | L5: 10 | M5: FALSE | N5: 5 | S5: NY Stationary (stays in NY inventory) | U5: 76 | V5: =IF($K5="To be purchased",COUNTIF($K5:$K$2,"To be purchased"),"")
A6: Power & Switching | B6: Fuse - ANM 125 A / 70 V (ANM70V-125A) - OST main | C6: 10-A Fuses | D6: Badri | E6: 2 | F6: India | H6: No | K6: In stock | L6: 10 | M6: FALSE | N6: 5 | S6: Mobile (travels with robot) | U6: 120 | V6: =IF($K6="To be purchased",COUNTIF($K6:$K$2,"To be purchased"),"")
A7: Power & Switching | B7: Fuse - Blade Mini 5 A - OST logic, TS sander actuation SMPS, TS sprayer actuation SMPS | C7: 10-A Fuses | D7: Badri | E7: 5 | F7: India | H7: No | K7: In stock | L7: 10 | M7: FALSE | N7: 5 | S7: Mobile (travels with robot) | U7: 123 | V7: =IF($K7="To be purchased",COUNTIF($K7:$K$2,"To be purchased"),"")
A8: Power & Switching | B8: SPD - Surge Protection Device, VAL-SEC-T2-2+0-48DC-FM | C8: 10-B Circuit Protection & IMD | D8: Badri | E8: 1 | F8: India | H8: Yes | J8: =IFERROR(HYPERLINK("https://docs.google.com/spreadsheets/d/10M8oEMfSST-xuPwcSARfQDNcQJ0xrCp8O9iHBGPAr34/edit?gid=1956219685&range=A"&MATCH("PR-2026-1679",'PR Lookup'!A:A,0),"PR-2026-1679"),"PR-2026-1679") | K8: IQC Stage | L8: 10 | M8: FALSE | N8: 5 | S8: NY Stationary (stays in NY inventory) | U8: 45 | V8: =IF($K8="To be purchased",COUNTIF($K8:$K$2,"To be purchased"),"")
A9: Power & Switching | B9: IMD - AC Insulation Monitoring, ABB CM-IWS.1 | C9: 10-B Circuit Protection & IMD | D9: Badri | E9: 1 | F9: India | H9: Yes | J9: =IFERROR(HYPERLINK("https://docs.google.com/spreadsheets/d/10M8oEMfSST-xuPwcSARfQDNcQJ0xrCp8O9iHBGPAr34/edit?gid=1956219685&range=A"&MATCH("PR-2026-1680",'PR Lookup'!A:A,0),"PR-2026-1680"),"PR-2026-1680") | K9: IQC Stage | L9: 10 | M9: FALSE | N9: 5 | S9: Mobile (travels with robot) | U9: 55 | V9: =IF($K9="To be purchased",COUNTIF($K9:$K$2,"To be purchased"),"")
A10: Power & Switching | B10: SSR - SSR-50DD - planner logic | C10: 10-C Contactors & SSRs | D10: Badri | E10: 1 | F10: India | H10: No | K10: In stock | L10: 10 | M10: FALSE | N10: 5 | S10: Mobile (travels with robot) | U10: 78 | V10: =IF($K10="To be purchased",COUNTIF($K10:$K$2,"To be purchased"),"")
A11: Power & Switching | B11: SSR - SSR-10DD - OST safety | C11: 10-C Contactors & SSRs | D11: Badri | E11: 1 | F11: India | H11: No | K11: In stock | L11: 10 | M11: FALSE | N11: 5 | S11: NY Stationary (stays in NY inventory) | U11: 125 | V11: =IF($K11="To be purchased",COUNTIF($K11:$K$2,"To be purchased"),"")
A12: Power & Switching | B12: Inverter - NTN-5K-248 CAN | C12: 10-D Power Supplies & Converters | D12: Badri | E12: 1 | F12: India | H12: Yes | J12: =IFERROR(HYPERLINK("https://docs.google.com/spreadsheets/d/10M8oEMfSST-xuPwcSARfQDNcQJ0xrCp8O9iHBGPAr34/edit?gid=1956219685&range=A"&MATCH("PR-2026-1681",'PR Lookup'!A:A,0),"PR-2026-1681"),"PR-2026-1681") | K12: IQC Stage | L12: 10 | M12: FALSE | N12: 5 | S12: NY Stationary (stays in NY inventory) | U12: 50 | V12: =IF($K12="To be purchased",COUNTIF($K12:$K$2,"To be purchased"),"")
A13: Power & Switching | B13: Buck Converter - DDR-240C-24 - control logic | C13: 10-D Power Supplies & Converters | D13: Badri | E13: 1 | F13: India | H13: No | J13: =IFERROR(HYPERLINK("https://docs.google.com/spreadsheets/d/10M8oEMfSST-xuPwcSARfQDNcQJ0xrCp8O9iHBGPAr34/edit?gid=1956219685&range=A"&MATCH("PR-2026-1632",'PR Lookup'!A:A,0),"PR-2026-1632"),"PR-2026-1632") | K13: PR Raised | L13: 10 | M13: FALSE | N13: 5 | S13: Mobile (travels with robot) | U13: 75 | V13: =IF($K13="To be purchased",COUNTIF($K13:$K$2,"To be purchased"),"")
A14: Power & Switching | B14: Buck Converter - DDR-480C-12 - planner logic | C14: 10-D Power Supplies & Converters | D14: Badri | E14: 1 | F14: India | H14: No | K14: IQC Stage | L14: 10 | M14: FALSE | N14: 5 | S14: NY Stationary (stays in NY inventory) | U14: 92 | V14: =IF($K14="To be purchased",COUNTIF($K14:$K$2,"To be purchased"),"")
A15: Power & Switching | B15: Trigger Board - USB Type-C PD HHM | C15: 10-D Power Supplies & Converters | D15: Uttez | E15: 2 | F15: India | H15: No | J15: =IFERROR(HYPERLINK("https://docs.google.com/spreadsheets/d/10M8oEMfSST-xuPwcSARfQDNcQJ0xrCp8O9iHBGPAr34/edit?gid=1956219685&range=A"&MATCH("PR-2026-1501",'PR Lookup'!A:A,0),"PR-2026-1501"),"PR-2026-1501") | K15: In stock | L15: 10 | M15: FALSE | N15: 5 | S15: Mobile (travels with robot) | U15: 153 | V15: =IF($K15="To be purchased",COUNTIF($K15:$K$2,"To be purchased"),"")
A16: Power & Switching | B16: Buck Converter - 5 V 3 A, AP66300 - PWM generation | C16: 10-D Power Supplies & Converters | D16: Uttez | E16: 1 | F16: India | H16: No | K16: In stock | L16: 10 | M16: FALSE | N16: 5 | S16: Mobile (travels with robot) | U16: 447 | V16: =IF($K16="To be purchased",COUNTIF($K16:$K$2,"To be purchased"),"")
A17: Power & Switching | B17: SMPS - 24 V, EDR-120-24 - TS sander actuators, TS sprayer actuators | C17: 10-D Power Supplies & Converters | D17: Uttez | E17: 1 | F17: India | H17: Yes | J17: =IFERROR(HYPERLINK("https://docs.google.com/spreadsheets/d/10M8oEMfSST-xuPwcSARfQDNcQJ0xrCp8O9iHBGPAr34/edit?gid=1956219685&range=A"&MATCH("PR-2026-1626",'PR Lookup'!A:A,0),"PR-2026-1626"),"PR-2026-1626") | K17: In stock | L17: 10 | M17: FALSE | N17: 5 | P17: IQC : Input 220V AC Output 24V DC | S17: Mobile (travels with robot) | T17: Also stocked in: Tool Spares / Sprayer EBOM. Kept separate on purpose - one per box. | U17: 488 | V17: =IF($K17="To be purchased",COUNTIF($K17:$K$2,"To be purchased"),"")
A18: Power & Switching | B18: SMPS-24V (110V AC input) | C18: 10-D Power Supplies & Converters | D18: Badri | E18: 1 | F18: India | H18: No | K18: PR Raised | L18: 10 | M18: FALSE | N18: 5
A19: Power & Switching | B19: Power Bank - 25000 mAh 100 W, Stuffcool Giga Max - HHM | C19: 10-F Battery Chargers | D19: Uttez | E19: 2 | F19: India | H19: No | K19: Hold | L19: 10 | M19: FALSE | N19: 5 | P19: Luggage Item, Not a Spare Item | S19: Mobile (travels with robot) | T19: [BOX NAME CORRECTED: was "Luggage"] | U19: 137 | V19: =IF($K19="To be purchased",COUNTIF($K$2:$K19,"To be purchased"),"")
A20: Power & Switching | B20: E-Stop - Head, XB5AS8445 MoMa, OST | C20: 10-G E-Stops & Push Buttons | D20: Badri | E20: 2 | F20: India | H20: No | J20: =IFERROR(HYPERLINK("https://docs.google.com/spreadsheets/d/10M8oEMfSST-xuPwcSARfQDNcQJ0xrCp8O9iHBGPAr34/edit?gid=1956219685&range=A"&MATCH("PR-2026-1613",'PR Lookup'!A:A,0),"PR-2026-1613"),"PR-2026-1613") | K20: PR Raised | L20: 10 | M20: FALSE | N20: 5 | S20: Mobile (travels with robot) | U20: 51 | V20: =IF($K20="To be purchased",COUNTIF($K$2:$K20,"To be purchased"),"")
A21: Power & Switching | B21: E-Stop - NC Contact Block, ZBE-102N MoMa, OST | C21: 10-G E-Stops & Push Buttons | D21: Badri | E21: 4 | F21: India | H21: Yes | J21: =IFERROR(HYPERLINK("https://docs.google.com/spreadsheets/d/10M8oEMfSST-xuPwcSARfQDNcQJ0xrCp8O9iHBGPAr34/edit?gid=1956219685&range=A"&MATCH("PR-2026-1682",'PR Lookup'!A:A,0),"PR-2026-1682"),"PR-2026-1682") | K21: In stock | L21: 10 | M21: FALSE | N21: 5 | S21: Mobile (travels with robot) | U21: 52 | V21: =IF($K21="To be purchased",COUNTIF($K$2:$K21,"To be purchased"),"")
A22: Power & Switching | B22: Push Button - Red, XB5AA45 - TS sander sprayer | C22: 10-G E-Stops & Push Buttons | D22: Uttez | E22: 2 | F22: India | H22: Yes | J22: =IFERROR(HYPERLINK("https://docs.google.com/spreadsheets/d/10M8oEMfSST-xuPwcSARfQDNcQJ0xrCp8O9iHBGPAr34/edit?gid=1956219685&range=A"&MATCH("PR-2026-1620",'PR Lookup'!A:A,0),"PR-2026-1620"),"PR-2026-1620") | K22: In stock | L22: 10 | M22: FALSE | N22: 5 | P22: IQC : Continuity check | S22: Mobile (travels with robot) | T22: Also stocked in: Tool Spares / Sprayer EBOM. Kept separate on purpose - one per box. | U22: 478 | V22: =IF($K22="To be purchased",COUNTIF($K$2:$K22,"To be purchased"),"")
A23: Power & Switching | B23: Push Button - Blue, XB5AA61 - TS sander sprayer | C23: 10-G E-Stops & Push Buttons | D23: Uttez | E23: 2 | F23: India | H23: No | J23: =IFERROR(HYPERLINK("https://docs.google.com/spreadsheets/d/10M8oEMfSST-xuPwcSARfQDNcQJ0xrCp8O9iHBGPAr34/edit?gid=1956219685&range=A"&MATCH("PR-2026-1621",'PR Lookup'!A:A,0),"PR-2026-1621"),"PR-2026-1621") | K23: PR Raised | L23: 10 | M23: FALSE | N23: 5 | S23: Mobile (travels with robot) | T23: Also stocked in: Tool Spares / Sprayer EBOM. Kept separate on purpose - one per box. | U23: 479 | V23: =IF($K23="To be purchased",COUNTIF($K$2:$K23,"To be purchased"),"")
A24: Power & Switching | B24: Push Button - Green, XB5AA31 - TS sander sprayer | C24: 10-G E-Stops & Push Buttons | D24: Uttez | E24: 2 | F24: India | H24: Yes | J24: =IFERROR(HYPERLINK("https://docs.google.com/spreadsheets/d/10M8oEMfSST-xuPwcSARfQDNcQJ0xrCp8O9iHBGPAr34/edit?gid=1956219685&range=A"&MATCH("PR-2026-1622",'PR Lookup'!A:A,0),"PR-2026-1622"),"PR-2026-1622") | K24: In stock | L24: 10 | M24: FALSE | N24: 5 | P24: IQC : Continuity check | S24: Mobile (travels with robot) | T24: Also stocked in: Tool Spares / Sprayer EBOM. Kept separate on purpose - one per box. | U24: 480 | V24: =IF($K24="To be purchased",COUNTIF($K$2:$K24,"To be purchased"),"")
A25: Power & Switching | B25: Push Button - Yellow, XB5AA51 - TS sander sprayer | C25: 10-G E-Stops & Push Buttons | D25: Uttez | E25: 2 | F25: India | H25: Yes | J25: =IFERROR(HYPERLINK("https://docs.google.com/spreadsheets/d/10M8oEMfSST-xuPwcSARfQDNcQJ0xrCp8O9iHBGPAr34/edit?gid=1956219685&range=A"&MATCH("PR-2026-1621",'PR Lookup'!A:A,0),"PR-2026-1621"),"PR-2026-1621") | K25: In stock | L25: 10 | M25: FALSE | N25: 5 | P25: IQC : Continuity check | S25: Mobile (travels with robot) | T25: Also stocked in: Tool Spares / Sprayer EBOM. Kept separate on purpose - one per box. | U25: 481 | V25: =IF($K25="To be purchased",COUNTIF($K$2:$K25,"To be purchased"),"")
A26: Power & Switching | B26: Switch - Toggle, XB5AD21 - EM latch trigger | C26: 10-H Switches | D26: Badri | E26: 1 | F26: India | H26: No | K26: IQC Stage | L26: 10 | M26: FALSE | N26: 5 | S26: Mobile (travels with robot) | U26: 79 | V26: =IF($K26="To be purchased",COUNTIF($K$2:$K26,"To be purchased"),"")
A27: Power & Switching | B27: Switch - Power On, LAK39C-11T | C27: 10-H Switches | D27: Badri | E27: 1 | F27: India | H27: No | J27: =IFERROR(HYPERLINK("https://docs.google.com/spreadsheets/d/10M8oEMfSST-xuPwcSARfQDNcQJ0xrCp8O9iHBGPAr34/edit?gid=1956219685&range=A"&MATCH("PR-2026-1697",'PR Lookup'!A:A,0),"PR-2026-1697"),"PR-2026-1697") | K27: PR Raised | L27: 10 | M27: FALSE | N27: 5 | S27: Mobile (travels with robot) | U27: 131 | V27: =IF($K27="To be purchased",COUNTIF($K$2:$K27,"To be purchased"),"")
A28: Power & Switching | B28: Switch - Power with Integrated LED, LB12E-P10Z - HHM | C28: 10-H Switches | D28: Uttez | E28: 1 | F28: India | H28: No | K28: In stock | L28: 10 | M28: FALSE | N28: 5 | S28: Mobile (travels with robot) | U28: 146 | V28: =IF($K28="To be purchased",COUNTIF($K$2:$K28,"To be purchased"),"")
A29: Power & Switching | B29: Indication Light - 48 V DC, 3EPLBR348DC | C29: 10-I Indication Lights & LEDs | D29: Badri | E29: 1 | F29: India | H29: No | K29: IQC Stage | L29: 10 | M29: FALSE | N29: 5 | S29: NY Stationary (stays in NY inventory) | U29: 47 | V29: =IF($K29="To be purchased",COUNTIF($K$2:$K29,"To be purchased"),"")
A30: Power & Switching | B30: Indication Light - 24 V DC, 3EPLBR3L24DC Green MoMa, OST, TS Sander, TS Sprayer | C30: 10-I Indication Lights & LEDs | D30: Badri | E30: 5 | F30: India | H30: No | K30: In stock | L30: 10 | M30: FALSE | N30: 5 | P30: IQC : 24V DC input, LED Glow | S30: NY Stationary (stays in NY inventory) | U30: 48 | V30: =IF($K30="To be purchased",COUNTIF($K$2:$K30,"To be purchased"),"")
A31: Power & Switching | B31: Indication Light - 240 V AC, 3EPLBR5L240AC | C31: 10-I Indication Lights & LEDs | D31: Badri | E31: 1 | F31: India | H31: No | K31: IQC Stage | L31: 10 | M31: FALSE | N31: 5 | S31: NY Stationary (stays in NY inventory) | U31: 49 | V31: =IF($K31="To be purchased",COUNTIF($K$2:$K31,"To be purchased"),"")
A32: Power & Switching | B32: LED - Perception Light, CMB2550-57E-0A-N0B-00001 | C32: 10-I Indication Lights & LEDs | D32: Badri | E32: 7 | F32: India | H32: No | J32: =IFERROR(HYPERLINK("https://docs.google.com/spreadsheets/d/10M8oEMfSST-xuPwcSARfQDNcQJ0xrCp8O9iHBGPAr34/edit?gid=1956219685&range=A"&MATCH("PR-2026-1633",'PR Lookup'!A:A,0),"PR-2026-1633"),"PR-2026-1633") | K32: PR Raised | L32: 10 | M32: FALSE | N32: 5 | S32: Mobile (travels with robot) | U32: 96 | V32: =IF($K32="To be purchased",COUNTIF($K$2:$K32,"To be purchased"),"")
A33: Power & Switching | B33: Tower Light - 12 V, Q1-A | C33: 10-I Indication Lights & LEDs | D33: Badri | E33: 1 | F33: India | H33: Yes | J33: =IFERROR(HYPERLINK("https://docs.google.com/spreadsheets/d/10M8oEMfSST-xuPwcSARfQDNcQJ0xrCp8O9iHBGPAr34/edit?gid=1956219685&range=A"&MATCH("PR-2026-1698",'PR Lookup'!A:A,0),"PR-2026-1698"),"PR-2026-1698") | K33: PR Raised | L33: 10 | M33: FALSE | N33: 5 | S33: NY Stationary (stays in NY inventory) | U33: 98 | V33: =IF($K33="To be purchased",COUNTIF($K$2:$K33,"To be purchased"),"")
A34: Power & Switching | B34: Enclosure - Sander Latch Indication LED (3D printed) | C34: 10-I Indication Lights & LEDs | D34: SANKALP | E34: 1 | F34: India | H34: No | K34: To be Printed | L34: 10 | M34: FALSE | N34: 5 | Q34: SANDER LATCH INDICATION LED ENCLOSURE | U34: 431 | V34: =IF($K34="To be purchased",COUNTIF($K$2:$K34,"To be purchased"),"")
A35: Power & Switching | B35: LED - CREE XHP70D-00-0000-0D0BP450E - EOA LED Lights with PCBS | C35: 10-I Indication Lights & LEDs | D35: Uttez | E35: 10 | F35: India | H35: Yes | J35: =IFERROR(HYPERLINK("https://docs.google.com/spreadsheets/d/10M8oEMfSST-xuPwcSARfQDNcQJ0xrCp8O9iHBGPAr34/edit?gid=1956219685&range=A"&MATCH("PR-2026-1390",'PR Lookup'!A:A,0),"PR-2026-1390"),"PR-2026-1390") | K35: Payment Done | L35: 10 | M35: FALSE | N35: 5 | P35: IQC : LED glow at 12V DC input | S35: Mobile (travels with robot) | T35: Also stocked in: Tool Spares / Sander EBOM. Kept separate on purpose - one per box. | U35: 442 | V35: =IF($K35="To be purchased",COUNTIF($K$2:$K35,"To be purchased"),"")
A36: Power & Switching | B36: LED - CREE XHP70D-00-0000-0D0BP450E EOA Light Set for Sander Vision | C36: 10-I Indication Lights & LEDs | D36: Uttez | E36: 2 | F36: India | H36: No | K36: To be Prepared | L36: 10 | M36: FALSE | N36: 5 | S36: Mobile (travels with robot) | T36: [POSSIBLE DUPLICATE of source row 442. Previous status: IQC Stage] Also stocked in: Tool Spares / Sprayer EBOM. Kept separate on purpose - one per box. | U36: 455 | V36: =IF($K36="To be purchased",COUNTIF($K$2:$K36,"To be purchased"),"")
A37: Power & Switching | B37: LED - CREE XHP70D-00-0000-0D0BP450E EOA Light Set for Sprayer Vision | C37: 10-I Indication Lights & LEDs | D37: Uttez | E37: 2 | F37: India | H37: No | K37: In stock | L37: 10 | M37: FALSE | N37: 5
A38: Power & Switching | B38: Indicator LED - Red, 3PLBR4L-024 - TS comms / latch, sander & sprayer | C38: 10-I Indication Lights & LEDs | D38: Uttez | E38: 4 | F38: India | H38: Yes | J38: =IFERROR(HYPERLINK("https://docs.google.com/spreadsheets/d/10M8oEMfSST-xuPwcSARfQDNcQJ0xrCp8O9iHBGPAr34/edit?gid=1956219685&range=A"&MATCH("PR-2026-1618",'PR Lookup'!A:A,0),"PR-2026-1618"),"PR-2026-1618") | K38: In stock | L38: 10 | M38: FALSE | N38: 5 | P38: IQC : 24V Input LED GLow | S38: Mobile (travels with robot) | T38: Also stocked in: Tool Spares / Sprayer EBOM. Kept separate on purpose - one per box. | U38: 476 | V38: =IF($K38="To be purchased",COUNTIF($K$2:$K38,"To be purchased"),"")
A39: Power & Switching | B39: Fan - Sunon 80 x 25 mm, 24 V DC - MoMa, OST, TS Sander | C39: 10-J Fans & Cooling | D39: Badri | E39: 5 | F39: India | H39: No | J39: =IFERROR(HYPERLINK("https://docs.google.com/spreadsheets/d/10M8oEMfSST-xuPwcSARfQDNcQJ0xrCp8O9iHBGPAr34/edit?gid=1956219685&range=A"&MATCH("PR-2026-1659",'PR Lookup'!A:A,0),"PR-2026-1659"),"PR-2026-1659") | K39: PR Raised | L39: 10 | M39: FALSE | N39: 5 | S39: Mobile (travels with robot) | U39: 66 | V39: =IF($K39="To be purchased",COUNTIF($K$2:$K39,"To be purchased"),"")
A40: Power & Switching | B40: Fan - Sunon 80 x 25 mm, 12 V DC - cooling | C40: 10-J Fans & Cooling | D40: Badri | E40: 2 | F40: India | H40: No | K40: IQC Stage | L40: 10 | M40: FALSE | N40: 5 | S40: Mobile (travels with robot) | U40: 89 | V40: =IF($K40="To be purchased",COUNTIF($K$2:$K40,"To be purchased"),"")
A41: Power & Switching | B41: Fan - 35 x 35 X 10 mm, 12 V DC, MF35101V1 - cooling | C41: 10-J Fans & Cooling | D41: Badri | E41: 3 | F41: India | H41: No | J41: =IFERROR(HYPERLINK("https://docs.google.com/spreadsheets/d/10M8oEMfSST-xuPwcSARfQDNcQJ0xrCp8O9iHBGPAr34/edit?gid=1956219685&range=A"&MATCH("PR-2026-1659",'PR Lookup'!A:A,0),"PR-2026-1659"),"PR-2026-1659") | K41: PR Raised | L41: 10 | M41: FALSE | N41: 5 | S41: Mobile (travels with robot) | U41: 90 | V41: =IF($K41="To be purchased",COUNTIF($K$2:$K41,"To be purchased"),"")
A42: Power & Switching | B42: Fan - Cooling - HHM 30x30 12V | C42: 10-J Fans & Cooling | D42: Uttez | E42: 2 | F42: India | H42: No | K42: In stock | L42: 10 | M42: FALSE | N42: 5 | S42: Mobile (travels with robot) | T42: [POSSIBLE DUPLICATE of source row 66. Previous status: IQC Stage] | U42: 158 | V42: =IF($K42="To be purchased",COUNTIF($K$2:$K42,"To be purchased"),"")
A43: Sensors | B43: Lidar - 2D, SL450 | C43: 11-A Lidars | D43: Badri | E43: 2 | F43: India | H43: No | K43: IQC Stage | L43: 11 | M43: FALSE | N43: 5 | S43: NY Stationary (stays in NY inventory) | U43: 42 | V43: =IF($K43="To be purchased",COUNTIF($K$2:$K43,"To be purchased"),"")
A44: Sensors | B44: Lidar - Solid State, YDLidar GS2 | C44: 11-A Lidars | D44: Badri | E44: 2 | F44: India | H44: No | K44: PR Raised | L44: 11 | M44: FALSE | N44: 5 | S44: NY Stationary (stays in NY inventory) | U44: 43 | V44: =IF($K44="To be purchased",COUNTIF($K$2:$K44,"To be purchased"),"")
A45: Sensors | B45: Lidar - Solid State Driver Board, YDLidar GS2 | C45: 11-A Lidars | D45: Badri | E45: 1 | F45: India | H45: No | K45: IQC Stage | L45: 11 | M45: FALSE | N45: 5 | S45: NY Stationary (stays in NY inventory) | U45: 44 | V45: =IF($K45="To be purchased",COUNTIF($K$2:$K45,"To be purchased"),"")
A46: Sensors | B46: Lidar - 3D, Airy96 | C46: 11-A Lidars | D46: Badri | E46: 2 | F46: India | H46: Yes | J46: =IFERROR(HYPERLINK("https://docs.google.com/spreadsheets/d/10M8oEMfSST-xuPwcSARfQDNcQJ0xrCp8O9iHBGPAr34/edit?gid=1956219685&range=A"&MATCH("PR-2026-1683",'PR Lookup'!A:A,0),"PR-2026-1683"),"PR-2026-1683") | K46: PR Raised | L46: 11 | M46: FALSE | N46: 5 | S46: Mobile (travels with robot) | U46: 83 | V46: =IF($K46="To be purchased",COUNTIF($K$2:$K46,"To be purchased"),"")
A47: Sensors | B47: Mount - 2D Lidar (metal, bend + weld) | C47: 11-B Lidar & Camera Mounts | D47: Kaustubh | E47: 2 | F47: India | H47: No | J47: =IFERROR(HYPERLINK("https://docs.google.com/spreadsheets/d/10M8oEMfSST-xuPwcSARfQDNcQJ0xrCp8O9iHBGPAr34/edit?gid=1956219685&range=A"&MATCH("PR-2026-1638",'PR Lookup'!A:A,0),"PR-2026-1638"),"PR-2026-1638") | K47: PR Raised | L47: 11 | M47: FALSE | N47: 5 | S47: Mobile (travels with robot) | T47: 3D printed when needed | U47: 101 | V47: =IF($K47="To be purchased",COUNTIF($K$2:$K47,"To be purchased"),"")
A48: Sensors | B48: Mount - Solid State Lidar (3D printed + metal) | C48: 11-B Lidar & Camera Mounts | D48: Kaustubh | E48: 2 | F48: India | H48: No | J48: =IFERROR(HYPERLINK("https://docs.google.com/spreadsheets/d/10M8oEMfSST-xuPwcSARfQDNcQJ0xrCp8O9iHBGPAr34/edit?gid=1956219685&range=A"&MATCH("PR-2026-1638",'PR Lookup'!A:A,0),"PR-2026-1638"),"PR-2026-1638") | K48: PR Raised | L48: 11 | M48: FALSE | N48: 5 | S48: Mobile (travels with robot) | U48: 107 | V48: =IF($K48="To be purchased",COUNTIF($K$2:$K48,"To be purchased"),"")
A49: Diagnostic & repair tools | B49: Crimping Tool - Anderson | C49: 13-K Crimping Tools | D49: Badri | E49: 1 | F49: India | H49: No | K49: PR Raised | L49: 13 | M49: FALSE | N49: 5 | Q49: https://amzn.in/d/08CQR2eu | T49: Detail: For JST-XA and JST-SM crimps. | U49: 560 | V49: =IF($K49="To be purchased",COUNTIF($K$2:$K49,"To be purchased"),"")
A50: Sensors | B50: Mount - Side Camera (3D printed) | C50: 11-B Lidar & Camera Mounts | D50: Kaustubh | E50: 2 | F50: India | H50: No | K50: To be Printed | L50: 11 | M50: FALSE | N50: 5 | S50: NY Stationary (stays in NY inventory) | U50: 116 | V50: =IF($K50="To be purchased",COUNTIF($K$2:$K50,"To be purchased"),"")
A51: Sensors | B51: Camera - STURDeCAM25 - perception | C51: 11-C Cameras & Lenses | D51: Badri | E51: 2 | F51: India | H51: Yes | J51: =IFERROR(HYPERLINK("https://docs.google.com/spreadsheets/d/10M8oEMfSST-xuPwcSARfQDNcQJ0xrCp8O9iHBGPAr34/edit?gid=1956219685&range=A"&MATCH("PR-2026-1685",'PR Lookup'!A:A,0),"PR-2026-1685"),"PR-2026-1685") | K51: PR Raised | L51: 11 | M51: FALSE | N51: 5 | S51: Mobile (travels with robot) | U51: 84 | V51: =IF($K51="To be purchased",COUNTIF($K$2:$K51,"To be purchased"),"")
A52: Sensors | B52: Camera - Arducam MIPI-CSI2 B0579 - HHM | C52: 11-C Cameras & Lenses | D52: Uttez | E52: 1 | F52: India | H52: No | K52: IQC Stage | L52: 11 | M52: FALSE | N52: 5 | S52: Mobile (travels with robot) | U52: 139 | V52: =IF($K52="To be purchased",COUNTIF($K$2:$K52,"To be purchased"),"")
A53: Sensors | B53: Lens - Arducam M23325H12 - HHM | C53: 11-C Cameras & Lenses | D53: Uttez | E53: 1 | F53: India | H53: Yes | J53: =IFERROR(HYPERLINK("https://docs.google.com/spreadsheets/d/10M8oEMfSST-xuPwcSARfQDNcQJ0xrCp8O9iHBGPAr34/edit?gid=1956219685&range=A"&MATCH("PR-2026-1686",'PR Lookup'!A:A,0),"PR-2026-1686"),"PR-2026-1686") | K53: IQC Stage | L53: 11 | M53: FALSE | N53: 5 | S53: Mobile (travels with robot) | U53: 140 | V53: =IF($K53="To be purchased",COUNTIF($K$2:$K53,"To be purchased"),"")
A54: Sensors | B54: Assembly - EOA Sander Vision (custom, assembled) | C54: 11-C Cameras & Lenses | D54: SANKALP | E54: 1 | F54: India | H54: Yes | J54: =IFERROR(HYPERLINK("https://docs.google.com/spreadsheets/d/10M8oEMfSST-xuPwcSARfQDNcQJ0xrCp8O9iHBGPAr34/edit?gid=1956219685&range=A"&MATCH("PR-2026-1530",'PR Lookup'!A:A,0),"PR-2026-1530"),"PR-2026-1530") | K54: In stock | L54: 11 | M54: FALSE | N54: 5 | U54: 415 | V54: =IF($K54="To be purchased",COUNTIF($K$2:$K54,"To be purchased"),"")
A55: Sensors | B55: Camera - Orbbec Gemini 335LE, G40055-570 - EOA sprayer vision | C55: 11-C Cameras & Lenses | D55: Uttez | E55: 1 | F55: India | H55: Yes | J55: =IFERROR(HYPERLINK("https://docs.google.com/spreadsheets/d/10M8oEMfSST-xuPwcSARfQDNcQJ0xrCp8O9iHBGPAr34/edit?gid=1956219685&range=A"&MATCH("PR-2026-1539",'PR Lookup'!A:A,0),"PR-2026-1539"),"PR-2026-1539") | K55: In stock | L55: 11 | M55: FALSE | N55: 5 | S55: Mobile (travels with robot) | U55: 444 | V55: =IF($K55="To be purchased",COUNTIF($K$2:$K55,"To be purchased"),"")
A56: Sensors | B56: Camera - Lucid TRI124S-MC Monochrome - EOA sander vision + lens | C56: 11-C Cameras & Lenses | D56: Uttez | E56: 1 | F56: Buy in US | H56: No | K56: PR Raised | L56: 11 | M56: FALSE | N56: 5 | S56: Mobile (travels with robot) | U56: 457 | V56: =IF($K56="To be purchased",COUNTIF($K$2:$K56,"To be purchased"),"")
A57: Sensors | B57: PCB - IMU with BNO085, V1.0 | C57: 11-D IMU & Encoders | D57: Badri | E57: 1 | F57: India | H57: No | K57: IQC Stage | L57: 11 | M57: FALSE | N57: 5 | S57: Mobile (travels with robot) | T57: [BOX NAME CORRECTED: was "Custom PCB"] | U57: 95 | V57: =IF($K57="To be purchased",COUNTIF($K$2:$K57,"To be purchased"),"")
A58: Sensors | B58: Load Cell - CZL601AC - TS sander, TS Sprayer | C58: 11-E Load Cells & Current Sensors | D58: Uttez | E58: 2 | F58: India | H58: No | K58: IQC Stage | L58: 11 | M58: FALSE | N58: 5 | S58: Mobile (travels with robot) | T58: Also stocked in: Tool Spares / Sprayer EBOM. Kept separate on purpose - one per box. | U58: 483 | V58: =IF($K58="To be purchased",COUNTIF($K$2:$K58,"To be purchased"),"")
A59: Sensors | B59: Current Sensor - WCS1800 - TS sander, TS Sprayer | C59: 11-E Load Cells & Current Sensors | D59: Uttez | E59: 2 | F59: India | H59: Yes | J59: =IFERROR(HYPERLINK("https://docs.google.com/spreadsheets/d/10M8oEMfSST-xuPwcSARfQDNcQJ0xrCp8O9iHBGPAr34/edit?gid=1956219685&range=A"&MATCH("PR-2026-1627",'PR Lookup'!A:A,0),"PR-2026-1627"),"PR-2026-1627") | K59: In stock | L59: 11 | M59: FALSE | N59: 5 | S59: Mobile (travels with robot) | T59: Also stocked in: Tool Spares / Sprayer EBOM. Kept separate on purpose - one per box. | U59: 490 | V59: =IF($K59="To be purchased",COUNTIF($K$2:$K59,"To be purchased"),"")
A60: Sensors | B60: Switch - Reed, SMC D-M9B | C60: 11-F Limit & Proximity Switches | D60: Badri | E60: 2 | F60: India | H60: Yes | J60: =IFERROR(HYPERLINK("https://docs.google.com/spreadsheets/d/10M8oEMfSST-xuPwcSARfQDNcQJ0xrCp8O9iHBGPAr34/edit?gid=1956219685&range=A"&MATCH("PR-2026-1699",'PR Lookup'!A:A,0),"PR-2026-1699"),"PR-2026-1699") | K60: PR Raised | L60: 11 | M60: FALSE | N60: 5 | S60: Mobile (travels with robot) | U60: 82 | V60: =IF($K60="To be purchased",COUNTIF($K$2:$K60,"To be purchased"),"")
A61: Sensors | B61: Limit Switch - KWI-103-7 - bucket compartment door | C61: 11-F Limit & Proximity Switches | D61: Uttez | E61: 5 | F61: India | H61: No | J61: =IFERROR(HYPERLINK("https://docs.google.com/spreadsheets/d/10M8oEMfSST-xuPwcSARfQDNcQJ0xrCp8O9iHBGPAr34/edit?gid=1956219685&range=A"&MATCH("PR-2026-1630",'PR Lookup'!A:A,0),"PR-2026-1630"),"PR-2026-1630") | K61: In stock | L61: 11 | M61: FALSE | N61: 5 | S61: Mobile (travels with robot) | U61: 516 | V61: =IF($K61="To be purchased",COUNTIF($K$2:$K61,"To be purchased"),"")
A62: Sensors | B62: Limit Switch - ME-8111 - bucket drop | C62: 11-F Limit & Proximity Switches | D62: Uttez | E62: 5 | F62: India | H62: No | K62: In stock | L62: 11 | M62: FALSE | N62: 5 | S62: Mobile (travels with robot) | U62: 517 | V62: =IF($K62="To be purchased",COUNTIF($K$2:$K62,"To be purchased"),"")
A63: Sensors | B63: Transducer - Pressure, Graco 243222 | C63: 11-H Pressure & Temperature Sensors | D63: Anand | E63: 1 | F63: Buy in US | H63: No | K63: To be purchased | L63: 11 | M63: FALSE | N63: 5 | T63: [BOX CHANGED: 10 Power & Switching -> 11 Sensors] | U63: 398 | V63: =IF($K63="To be purchased",COUNTIF($K$2:$K63,"To be purchased"),"")
A64: Sensors | B64: Sensor - Temperature & Humidity, AM2305B | C64: 11-H Pressure & Temperature Sensors | D64: Uttez | E64: 1 | F64: India | H64: No | K64: In stock | L64: 11 | M64: FALSE | N64: 5 | S64: Mobile (travels with robot) | T64: [BOX CHANGED: 13 Wire, connector, cables & crimps -> 11 Sensors] | U64: 520 | V64: =IF($K64="To be purchased",COUNTIF($K$2:$K64,"To be purchased"),"")
A65: Actuators | B65: Motor Driver - Lift Kit, FD145-AB-000 | C65: 12-B Motor Drivers | D65: Badri | E65: 1 | F65: India | H65: No | K65: PR Raised | L65: 12 | M65: FALSE | N65: 5 | S65: Mobile (travels with robot) | U65: 63 | V65: =IF($K65="To be purchased",COUNTIF($K$2:$K65,"To be purchased"),"")
A66: Actuators | B66: Repair Kit - Graco Pump, 17H844 | C66: 12-C Pumps & Pump Repair Kits | D66: Anand | E66: 1 | F66: Buy in US | H66: No | K66: To be purchased | L66: 12 | M66: FALSE | N66: 5 | T66: [BOX CHANGED: 16 Mechanical parts -> 12 Actuators] | U66: 381 | V66: =IF($K66="To be purchased",COUNTIF($K$2:$K66,"To be purchased"),"")
A67: Actuators | B67: Repair Kit - Graco Foot Valve, 24N013 | C67: 12-C Pumps & Pump Repair Kits | D67: Anand | E67: 1 | F67: Buy in US | H67: No | K67: To be purchased | L67: 12 | M67: FALSE | N67: 5 | T67: [BOX CHANGED: 16 Mechanical parts -> 12 Actuators] | U67: 382 | V67: =IF($K67="To be purchased",COUNTIF($K$2:$K67,"To be purchased"),"")
A68: Actuators | B68: Repair Kit - Graco Mark X Drain Valve, 245103 | C68: 12-C Pumps & Pump Repair Kits | D68: Anand | E68: 1 | F68: Buy in US | H68: No | K68: To be purchased | L68: 12 | M68: FALSE | N68: 5 | U68: 383 | V68: =IF($K68="To be purchased",COUNTIF($K$2:$K68,"To be purchased"),"")
A69: Actuators | B69: Strainer - Pump Inlet, Graco 189920 | C69: 12-C Pumps & Pump Repair Kits | D69: Anand | E69: 1 | F69: Buy in US | H69: No | K69: To be purchased | L69: 12 | M69: FALSE | N69: 5 | U69: 384 | V69: =IF($K69="To be purchased",COUNTIF($K$2:$K69,"To be purchased"),"")
A70: Actuators | B70: Valve - Foot, Graco 15A303 | C70: 12-C Pumps & Pump Repair Kits | D70: Anand | E70: 1 | F70: Buy in US | H70: No | K70: To be purchased | L70: 12 | M70: FALSE | N70: 5 | U70: 385 | V70: =IF($K70="To be purchased",COUNTIF($K$2:$K70,"To be purchased"),"")
A71: Actuators | B71: O-Ring - Foot Valve to Ball Seat, Graco 17E793 | C71: 12-C Pumps & Pump Repair Kits | D71: Anand | E71: 1 | F71: Buy in US | H71: No | K71: To be purchased | L71: 12 | M71: FALSE | N71: 5 | T71: [BOX CHANGED: 16 Mechanical parts -> 12 Actuators] | U71: 386 | V71: =IF($K71="To be purchased",COUNTIF($K$2:$K71,"To be purchased"),"")
A72: Actuators | B72: Ball Seat - Pump Inlet | C72: 12-C Pumps & Pump Repair Kits | D72: Anand | E72: 1 | F72: Buy in US | H72: No | K72: To be purchased | L72: 12 | M72: FALSE | N72: 5 | U72: 387 | V72: =IF($K72="To be purchased",COUNTIF($K$2:$K72,"To be purchased"),"")
A73: Actuators | B73: Check Ball - Pump Inlet, Ceramic, Graco 17R046 | C73: 12-C Pumps & Pump Repair Kits | D73: Anand | E73: 1 | F73: Buy in US | H73: No | K73: To be purchased | L73: 12 | M73: FALSE | N73: 5 | U73: 388 | V73: =IF($K73="To be purchased",COUNTIF($K$2:$K73,"To be purchased"),"")
A74: Actuators | B74: Ball Guide - Graco 193391 | C74: 12-C Pumps & Pump Repair Kits | D74: Anand | E74: 1 | F74: Buy in US | H74: No | K74: To be purchased | L74: 12 | M74: FALSE | N74: 5 | T74: [BOX CHANGED: 16 Mechanical parts -> 12 Actuators] | U74: 389 | V74: =IF($K74="To be purchased",COUNTIF($K$2:$K74,"To be purchased"),"")
A75: Actuators | B75: Spring - Inlet Ball, Graco 24E027 | C75: 12-C Pumps & Pump Repair Kits | D75: Anand | E75: 1 | F75: Buy in US | H75: No | K75: To be purchased | L75: 12 | M75: FALSE | N75: 5 | T75: [BOX CHANGED: 16 Mechanical parts -> 12 Actuators] | U75: 390 | V75: =IF($K75="To be purchased",COUNTIF($K$2:$K75,"To be purchased"),"")
A76: Actuators | B76: O-Ring - Pump Stem to Foot Valve, Graco 160325 | C76: 12-C Pumps & Pump Repair Kits | D76: Anand | E76: 1 | F76: Buy in US | H76: No | K76: To be purchased | L76: 12 | M76: FALSE | N76: 5 | T76: [BOX CHANGED: 16 Mechanical parts -> 12 Actuators] | U76: 391 | V76: =IF($K76="To be purchased",COUNTIF($K$2:$K76,"To be purchased"),"")
A77: Actuators | B77: Hose - Pump Drain, Graco 244240 | C77: 12-C Pumps & Pump Repair Kits | D77: Anand | E77: 1 | F77: India | H77: No | K77: In stock | L77: 12 | M77: FALSE | N77: 5 | T77: [BOX CHANGED: 16 Mechanical parts -> 12 Actuators] | U77: 392 | V77: =IF($K77="To be purchased",COUNTIF($K$2:$K77,"To be purchased"),"")
A78: Actuators | B78: Swivel - Tee, Graco 127518 | C78: 12-C Pumps & Pump Repair Kits | D78: Anand | E78: 1 | F78: Buy in US | H78: No | K78: To be purchased | L78: 12 | M78: FALSE | N78: 5 | U78: 393 | V78: =IF($K78="To be purchased",COUNTIF($K$2:$K78,"To be purchased"),"")
A79: Actuators | B79: Fitting - NPT Male to NPT Male Elbow, 3/8 in, Graco 121019 | C79: 12-C Pumps & Pump Repair Kits | D79: Anand | E79: 1 | F79: India | H79: No | K79: In stock | L79: 12 | M79: FALSE | N79: 5 | T79: [BOX CHANGED: 16 Mechanical parts -> 12 Actuators] | U79: 394 | V79: =IF($K79="To be purchased",COUNTIF($K$2:$K79,"To be purchased"),"")
A80: Actuators | B80: Gauge - Pressure, Graco 115523 | C80: 12-C Pumps & Pump Repair Kits | D80: Anand | E80: 1 | F80: Buy in US | H80: No | K80: To be purchased | L80: 12 | M80: FALSE | N80: 5 | T80: [BOX CHANGED: 16 Mechanical parts -> 12 Actuators] | U80: 395 | V80: =IF($K80="To be purchased",COUNTIF($K$2:$K80,"To be purchased"),"")
A81: Actuators | B81: Fan - Pump Motor, Graco 15V577 | C81: 12-C Pumps & Pump Repair Kits | D81: Anand | E81: 1 | F81: Buy in US | H81: No | K81: To be purchased | L81: 12 | M81: FALSE | N81: 5 | T81: [BOX CHANGED: 13 Wire, connector, cables & crimps -> 12 Actuators] | U81: 396 | V81: =IF($K81="To be purchased",COUNTIF($K$2:$K81,"To be purchased"),"")
A82: Actuators | B82: Clip - Pump Motor Fan Retainer, Graco 122347 | C82: 12-C Pumps & Pump Repair Kits | D82: Anand | E82: 1 | F82: Buy in US | H82: No | K82: To be purchased | L82: 12 | M82: FALSE | N82: 5 | T82: [BOX CHANGED: 11 Sensors -> 12 Actuators] | U82: 397 | V82: =IF($K82="To be purchased",COUNTIF($K$2:$K82,"To be purchased"),"")
A83: Actuators | B83: Gasket - Pump Bottom, Polyethylene, Graco 114134 | C83: 12-C Pumps & Pump Repair Kits | D83: Anand | E83: 1 | F83: India | H83: No | K83: In stock | L83: 12 | M83: FALSE | N83: 5 | T83: [BOX CHANGED: 16 Mechanical parts -> 12 Actuators] | U83: 402 | V83: =IF($K83="To be purchased",COUNTIF($K$2:$K83,"To be purchased"),"")
A84: Actuators | B84: Gasket - Fluid, Acetal Homopolymer, Graco 288200 | C84: 12-C Pumps & Pump Repair Kits | D84: Anand | E84: 1 | F84: Buy in US | H84: No | K84: To be purchased | L84: 12 | M84: FALSE | N84: 5 | U84: 403 | V84: =IF($K84="To be purchased",COUNTIF($K$2:$K84,"To be purchased"),"")
A85: Actuators | B85: Gasket - Diffuser Valve, Graco 189970 | C85: 12-C Pumps & Pump Repair Kits | D85: Anand | E85: 1 | F85: Buy in US | H85: No | K85: To be purchased | L85: 12 | M85: FALSE | N85: 5 | T85: [BOX CHANGED: 16 Mechanical parts -> 12 Actuators] | U85: 404 | V85: =IF($K85="To be purchased",COUNTIF($K$2:$K85,"To be purchased"),"")
A86: Actuators | B86: Diffuser - Graco 288196 | C86: 12-C Pumps & Pump Repair Kits | D86: Anand | E86: 1 | F86: Buy in US | H86: No | K86: To be purchased | L86: 12 | M86: FALSE | N86: 5 | T86: [BOX CHANGED: 16 Mechanical parts -> 12 Actuators] | U86: 405 | V86: =IF($K86="To be purchased",COUNTIF($K$2:$K86,"To be purchased"),"")
A87: Actuators | B87: Spring - Compression, Small, Graco 114138 | C87: 12-C Pumps & Pump Repair Kits | D87: Anand | E87: 1 | F87: Buy in US | H87: No | K87: To be purchased | L87: 12 | M87: FALSE | N87: 5 | T87: [BOX CHANGED: 16 Mechanical parts -> 12 Actuators] | U87: 407 | V87: =IF($K87="To be purchased",COUNTIF($K$2:$K87,"To be purchased"),"")
A88: Actuators | B88: Spring - Compression, Large, Graco 114139 | C88: 12-C Pumps & Pump Repair Kits | D88: Anand | E88: 1 | F88: Buy in US | H88: No | K88: To be purchased | L88: 12 | M88: FALSE | N88: 5 | T88: [BOX CHANGED: 16 Mechanical parts -> 12 Actuators] | U88: 408 | V88: =IF($K88="To be purchased",COUNTIF($K$2:$K88,"To be purchased"),"")
A89: Actuators | B89: Valve - One-Way Flow Control, 3/8 in to 8 mm (GRLA-3/8-QS-8-D) - 5/2 exhaust | C89: 12-D Valves & Solenoids | D89: Anand | E89: 2 | F89: India | H89: No | J89: =IFERROR(HYPERLINK("https://docs.google.com/spreadsheets/d/10M8oEMfSST-xuPwcSARfQDNcQJ0xrCp8O9iHBGPAr34/edit?gid=1956219685&range=A"&MATCH("PR-2026-1561",'PR Lookup'!A:A,0),"PR-2026-1561"),"PR-2026-1561") | K89: Payment Done | L89: 12 | M89: FALSE | N89: 5 | U89: 359 | V89: =IF($K89="To be purchased",COUNTIF($K$2:$K89,"To be purchased"),"")
A90: Actuators | B90: Valve - 5/2 Pneumatic, VUVS-L30-M52-AD-G38-F8 | C90: 12-D Valves & Solenoids | D90: Anand | E90: 1 | F90: India | H90: No | K90: In stock | L90: 12 | M90: FALSE | N90: 5 | U90: 364 | V90: =IF($K90="To be purchased",COUNTIF($K$2:$K90,"To be purchased"),"")
A91: Actuators | B91: Valve - 2/2 Pneumatic, E12612W | C91: 12-D Valves & Solenoids | D91: Anand | E91: 1 | F91: India | H91: No | K91: In stock | L91: 12 | M91: FALSE | N91: 5 | T91: [BOX CHANGED: 16 Mechanical parts -> 12 Actuators] | U91: 365 | V91: =IF($K91="To be purchased",COUNTIF($K$2:$K91,"To be purchased"),"")
A92: Actuators | B92: Valve - 3/2 Pneumatic with 24 V Solenoid, DS245SR61 | C92: 12-D Valves & Solenoids | D92: Anand | E92: 1 | F92: India | H92: Yes | J92: =IFERROR(HYPERLINK("https://docs.google.com/spreadsheets/d/10M8oEMfSST-xuPwcSARfQDNcQJ0xrCp8O9iHBGPAr34/edit?gid=1956219685&range=A"&MATCH("PR-2026-1566",'PR Lookup'!A:A,0),"PR-2026-1566"),"PR-2026-1566") | K92: Payment Done | L92: 12 | M92: FALSE | N92: 5 | Q92: https://docs.google.com/spreadsheets/d/10M8oEMfSST-xuPwcSARfQDNcQJ0xrCp8O9iHBGPAr34/edit?gid=1956219685#gid=1956219685&range=C71 | T92: 24 V ---> USA is 12V confirmed by Anand Gautam | U92: 366 | V92: =IF($K92="To be purchased",COUNTIF($K$2:$K92,"To be purchased"),"")
A93: Actuators | B93: Solenoid - for 5/2 Valve, VACF-B-C1-1 | C93: 12-D Valves & Solenoids | D93: Anand | E93: 1 | F93: India | H93: No | K93: In stock | L93: 12 | M93: FALSE | N93: 5 | U93: 367 | V93: =IF($K93="To be purchased",COUNTIF($K$2:$K93,"To be purchased"),"")
A94: Actuators | B94: Hose - Pneumatic, 6 mm OD, WH00B06 | C94: 12-E Pneumatic Fittings & Hose | D94: Anand | E94: 30ft | F94: India | H94: No | K94: In stock | L94: 12 | M94: FALSE | N94: 5 | S94: Mobile (travels with robot) | U94: 353 | V94: =IF($K94="To be purchased",COUNTIF($K$2:$K94,"To be purchased"),"")
A95: Actuators | B95: Fitting - Push-In Inline Union, 6 mm (PU-6) | C95: 12-E Pneumatic Fittings & Hose | D95: Anand | E95: 2 | F95: India | H95: No | K95: In stock | L95: 12 | M95: FALSE | N95: 5 | S95: Mobile (travels with robot) | T95: [BOX CHANGED: 13 Wire, connector, cables & crimps -> 12 Actuators] | U95: 354 | V95: =IF($K95="To be purchased",COUNTIF($K$2:$K95,"To be purchased"),"")
A96: Actuators | B96: Fitting - Push-In with Flow Control, 1/8 in to 6 mm (GRLA-1/8-QS-6-RS-D) - piston inlet | C96: 12-E Pneumatic Fittings & Hose | D96: Anand | E96: 8 | F96: India | H96: No | K96: In stock | L96: 12 | M96: FALSE | N96: 5 | S96: Mobile (travels with robot) | T96: [BOX CHANGED: 13 Wire, connector, cables & crimps -> 12 Actuators] | U96: 355 | V96: =IF($K96="To be purchased",COUNTIF($K$2:$K96,"To be purchased"),"")
A97: Actuators | B97: Fitting - Push-In Tee, 6 mm (QST-6) | C97: 12-E Pneumatic Fittings & Hose | D97: Anand | E97: 7 | F97: India | H97: No | K97: In stock | L97: 12 | M97: FALSE | N97: 5 | T97: [BOX CHANGED: 13 Wire, connector, cables & crimps -> 12 Actuators] | U97: 356 | V97: =IF($K97="To be purchased",COUNTIF($K$2:$K97,"To be purchased"),"")
A98: Actuators | B98: Fitting - Push-In Elbow, 1/4 in to 6 mm (QSL-1/4-6) - AutoGun | C98: 12-E Pneumatic Fittings & Hose | D98: Anand | E98: 1 | F98: India | H98: No | K98: In stock | L98: 12 | M98: FALSE | N98: 5 | T98: [BOX CHANGED: 16 Mechanical parts -> 12 Actuators] | U98: 357 | V98: =IF($K98="To be purchased",COUNTIF($K$2:$K98,"To be purchased"),"")
A99: Actuators | B99: Fitting - Push-In Straight, 3/8 in to 6 mm (QS-3/8-6) - 5/2 valve inlet + outlet | C99: 12-E Pneumatic Fittings & Hose | D99: Anand | E99: 3 | F99: India | H99: No | K99: In stock | L99: 12 | M99: FALSE | N99: 5 | U99: 358 | V99: =IF($K99="To be purchased",COUNTIF($K$2:$K99,"To be purchased"),"")
A100: Actuators | B100: Fitting - Push-In Reducer, 8 to 6 mm (QS-8-6) | C100: 12-E Pneumatic Fittings & Hose | D100: Anand | E100: 2 | F100: India | H100: No | K100: In stock | L100: 12 | M100: FALSE | N100: 5 | T100: [BOX CHANGED: 16 Mechanical parts -> 12 Actuators] | U100: 360 | V100: =IF($K100="To be purchased",COUNTIF($K$2:$K100,"To be purchased"),"")
...
